{
  "type": "behavioral",
  "header": {
    "batch_id": "b_mnrpjniz_15",
    "session_id": "00479efe-59bb-6a73-ad93-f29d4f997aa8",
    "user_hash": "anonymous",
    "device_uuid": "demo-device-MacIntel",
    "sdk_version": "0.1.0-demo",
    "sdk_platform": "web",
    "sent_at": 1775753097947,
    "pulse_number": 15
  },
  "context": {
    "user_agent": "Mozilla/5.0 (Macintosh; Intel Mac OS X 10_15_7) AppleWebKit/537.36 (KHTML, like Gecko) Chrome/146.0.0.0 Safari/537.36",
    "hardware_concurrency": 12
  },
  "signals": {},
  "keystroke_windows": [
    {
      "zone_hit_counts": [
        2,
        0,
        1,
        0,
        2,
        4,
        0,
        3,
        1,
        4
      ],
      "zone_dwell_means": [
        101.08211460671428,
        102.45226302834435,
        113.85090262031096,
        129.16586838132247,
        103.7938090001137,
        90.45570920666201,
        98.24026208095304,
        120.13645036070133,
        110.5457724005896,
        98.46319339357524
      ],
      "zone_dwell_stdevs": [
        16.06256605502766,
        21.858548884956463,
        15.492808854991624,
        22.961356559348257,
        20.748567897375153,
        15.068982534961815,
        11.274135494694605,
        26.945077976249483,
        16.981819687911116,
        23.52123033641931
      ],
      "zone_flight_means": [
        109.14198228469371,
        145.007392155962,
        105.07902750680603,
        121.57084802898319,
        112.8672598129744,
        101.34308693314415,
        154.99843695668739,
        171.750381219786,
        134.42456450939727,
        128.12178407571045
      ]
    }
  ],
  "pointer_windows": [
    {
      "event_count": 41,
      "movement": {
        "velocity_mean": 292.2716425393785,
        "velocity_stdev": 94.75325933602636,
        "acceleration_mean": 147.0242970056628,
        "curvature_mean": 0.12625723950453943,
        "path_efficiency": 0.8128479577927917,
        "total_distance": 1481.2111377527306,
        "direction_changes": 8
      },
      "clicks": {
        "count": 2,
        "hold_stdev": 22.927942170164386,
        "overshoot_rate": 0.2278879646258986
      },
      "idle": {
        "count": 1,
        "mean_duration_ms": 2296.418908615187
      }
    }
  ],
  "touch_windows": [],
  "sensor_windows": [],
  "scroll_windows": [],
  "credential_fields": [],
  "_demo_meta": {
    "auth_method": "legacy",
    "received_at": "2026-04-09T16:44:57.952Z"
  }
}