{
  "type": "behavioral",
  "header": {
    "batch_id": "b_mnrpvvcd_34",
    "session_id": "00479efe-59bb-6a73-ad93-f29d4f997aa8",
    "user_hash": "anonymous",
    "device_uuid": "demo-device-MacIntel",
    "sdk_version": "0.1.0-demo",
    "sdk_platform": "web",
    "sent_at": 1775753667949,
    "pulse_number": 34
  },
  "context": {
    "user_agent": "Mozilla/5.0 (Macintosh; Intel Mac OS X 10_15_7) AppleWebKit/537.36 (KHTML, like Gecko) Chrome/146.0.0.0 Safari/537.36",
    "hardware_concurrency": 12
  },
  "signals": {},
  "keystroke_windows": [
    {
      "zone_hit_counts": [
        1,
        1,
        4,
        2,
        4,
        2,
        3,
        4,
        3,
        3
      ],
      "zone_dwell_means": [
        96.73963958537409,
        113.94742708371989,
        119.16897317225721,
        114.6680629422178,
        139.8622748986585,
        110.68359783162313,
        99.82654630681625,
        114.01326235939219,
        98.76971346638746,
        85.76189565582345
      ],
      "zone_dwell_stdevs": [
        29.701544748884935,
        17.68884533381901,
        13.856077651702787,
        17.458986196688166,
        22.15522130453578,
        25.99056110401314,
        12.243521044723424,
        18.895250764851816,
        22.023469836192774,
        15.258910886953725
      ],
      "zone_flight_means": [
        134.63554049670884,
        157.23828866694032,
        126.56778296692885,
        177.4509894092522,
        146.18088778280372,
        158.05128670473954,
        147.9725496644161,
        108.92024238537009,
        122.68391085150611,
        103.52048848840082
      ]
    }
  ],
  "pointer_windows": [
    {
      "event_count": 71,
      "movement": {
        "velocity_mean": 384.21726820673587,
        "velocity_stdev": 136.23833892959226,
        "acceleration_mean": 250.0505805478217,
        "curvature_mean": 0.3586274024402628,
        "path_efficiency": 0.6255299386813261,
        "total_distance": 1091.8310118044594,
        "direction_changes": 0
      },
      "clicks": {
        "count": 2,
        "hold_stdev": 22.80359325429003,
        "overshoot_rate": 0.1415770595473368
      },
      "idle": {
        "count": 1,
        "mean_duration_ms": 2432.3554865101796
      }
    }
  ],
  "touch_windows": [],
  "sensor_windows": [],
  "scroll_windows": [],
  "credential_fields": [],
  "_demo_meta": {
    "auth_method": "legacy",
    "received_at": "2026-04-09T16:54:27.961Z"
  }
}