{
  "type": "behavioral",
  "header": {
    "batch_id": "b_mnrps0gc_28",
    "session_id": "00479efe-59bb-6a73-ad93-f29d4f997aa8",
    "user_hash": "anonymous",
    "device_uuid": "demo-device-MacIntel",
    "sdk_version": "0.1.0-demo",
    "sdk_platform": "web",
    "sent_at": 1775753487948,
    "pulse_number": 28
  },
  "context": {
    "user_agent": "Mozilla/5.0 (Macintosh; Intel Mac OS X 10_15_7) AppleWebKit/537.36 (KHTML, like Gecko) Chrome/146.0.0.0 Safari/537.36",
    "hardware_concurrency": 12
  },
  "signals": {},
  "keystroke_windows": [
    {
      "zone_hit_counts": [
        1,
        3,
        3,
        3,
        4,
        0,
        3,
        1,
        3,
        4
      ],
      "zone_dwell_means": [
        128.29403304390914,
        83.5505190018733,
        89.62332136323634,
        100.81495222920307,
        84.66173750413189,
        106.69524963423456,
        86.59377996694683,
        90.08020283946787,
        114.98785753868748,
        114.11719871562266
      ],
      "zone_dwell_stdevs": [
        29.13818650118644,
        23.834608367824124,
        20.703845815987755,
        27.928300095178685,
        25.827824937870204,
        10.349958814967886,
        16.848103723218735,
        23.52404331615158,
        29.11758874770465,
        17.461221145053965
      ],
      "zone_flight_means": [
        147.3122673257479,
        170.25998745339822,
        111.9737710374803,
        118.18936337609665,
        102.96058676998567,
        172.58883144776084,
        163.36518242879978,
        139.93280044481665,
        161.42955722325564,
        110.14795402747994
      ]
    }
  ],
  "pointer_windows": [
    {
      "event_count": 63,
      "movement": {
        "velocity_mean": 279.2997185211782,
        "velocity_stdev": 111.8086512653292,
        "acceleration_mean": 168.29216439292188,
        "curvature_mean": 0.18724629836268758,
        "path_efficiency": 0.8368912978334648,
        "total_distance": 2384.762889382177,
        "direction_changes": 9
      },
      "clicks": {
        "count": 1,
        "hold_stdev": 38.657765261360225,
        "overshoot_rate": 0.054287502164945454
      },
      "idle": {
        "count": 2,
        "mean_duration_ms": 813.0959219118367
      }
    }
  ],
  "touch_windows": [],
  "sensor_windows": [],
  "scroll_windows": [],
  "credential_fields": [],
  "_demo_meta": {
    "auth_method": "legacy",
    "received_at": "2026-04-09T16:51:27.967Z"
  }
}