{
  "type": "behavioral",
  "header": {
    "batch_id": "b_mnrphq2z_12",
    "session_id": "00479efe-59bb-6a73-ad93-f29d4f997aa8",
    "user_hash": "anonymous",
    "device_uuid": "demo-device-MacIntel",
    "sdk_version": "0.1.0-demo",
    "sdk_platform": "web",
    "sent_at": 1775753007947,
    "pulse_number": 12
  },
  "context": {
    "user_agent": "Mozilla/5.0 (Macintosh; Intel Mac OS X 10_15_7) AppleWebKit/537.36 (KHTML, like Gecko) Chrome/146.0.0.0 Safari/537.36",
    "hardware_concurrency": 12
  },
  "signals": {},
  "keystroke_windows": [
    {
      "zone_hit_counts": [
        0,
        1,
        3,
        4,
        2,
        3,
        2,
        0,
        3,
        4
      ],
      "zone_dwell_means": [
        136.80993192503269,
        112.52758882934091,
        126.13855798200915,
        123.18448421739726,
        123.12923712094148,
        113.52194230329215,
        130.4778361220941,
        127.62794599489625,
        130.69351356949485,
        94.03120266597868
      ],
      "zone_dwell_stdevs": [
        17.09614284576033,
        20.235840864246445,
        23.50666647127493,
        16.515712071823863,
        26.092247883385703,
        10.443011604619645,
        25.211926633576205,
        10.510900564953127,
        18.0117628276301,
        17.325177176335117
      ],
      "zone_flight_means": [
        151.71725326095395,
        152.23498700466428,
        128.70185336759297,
        118.90819105083578,
        108.01912542431779,
        101.57977730149165,
        165.9295764023896,
        145.47803649157203,
        129.98351430204602,
        132.7218475074655
      ]
    }
  ],
  "pointer_windows": [
    {
      "event_count": 31,
      "movement": {
        "velocity_mean": 265.23527713032774,
        "velocity_stdev": 83.850688101055,
        "acceleration_mean": 247.24935483740003,
        "curvature_mean": 0.14595886326337656,
        "path_efficiency": 0.8412134151125157,
        "total_distance": 769.8117657673836,
        "direction_changes": 17
      },
      "clicks": {
        "count": 0,
        "hold_stdev": 11.668161218432244,
        "overshoot_rate": 0.006415979095881996
      },
      "idle": {
        "count": 1,
        "mean_duration_ms": 1149.5528655571745
      }
    }
  ],
  "touch_windows": [],
  "sensor_windows": [],
  "scroll_windows": [],
  "credential_fields": [],
  "_demo_meta": {
    "auth_method": "legacy",
    "received_at": "2026-04-09T16:43:27.958Z"
  }
}