{
  "type": "behavioral",
  "header": {
    "batch_id": "b_mnrpmv9s_20",
    "session_id": "00479efe-59bb-6a73-ad93-f29d4f997aa8",
    "user_hash": "anonymous",
    "device_uuid": "demo-device-MacIntel",
    "sdk_version": "0.1.0-demo",
    "sdk_platform": "web",
    "sent_at": 1775753247952,
    "pulse_number": 20
  },
  "context": {
    "user_agent": "Mozilla/5.0 (Macintosh; Intel Mac OS X 10_15_7) AppleWebKit/537.36 (KHTML, like Gecko) Chrome/146.0.0.0 Safari/537.36",
    "hardware_concurrency": 12
  },
  "signals": {},
  "keystroke_windows": [
    {
      "zone_hit_counts": [
        2,
        3,
        1,
        4,
        4,
        1,
        4,
        2,
        1,
        2
      ],
      "zone_dwell_means": [
        122.85412612808713,
        120.68618897454304,
        120.94456993887826,
        100.33805666997665,
        93.03303555813747,
        111.71787109694027,
        101.00592972442026,
        128.613629707882,
        87.15573462389541,
        92.0327176480196
      ],
      "zone_dwell_stdevs": [
        29.888882393030524,
        18.25818387533057,
        17.343197416981155,
        29.358780388683854,
        13.957143047370195,
        15.697901399279818,
        15.72048294296819,
        24.741167469396387,
        26.73051628228858,
        12.591559959313866
      ],
      "zone_flight_means": [
        157.79810480902387,
        110.53785838885135,
        141.82202456293086,
        111.1277890391668,
        126.5069207894175,
        120.8542521957956,
        171.6919478947678,
        153.06977290066652,
        143.33064333534043,
        114.11652371149367
      ]
    }
  ],
  "pointer_windows": [
    {
      "event_count": 52,
      "movement": {
        "velocity_mean": 455.527520627047,
        "velocity_stdev": 76.4335701843765,
        "acceleration_mean": 255.4696257568079,
        "curvature_mean": 0.2374135131737165,
        "path_efficiency": 0.6756744066345914,
        "total_distance": 1021.6435484009226,
        "direction_changes": 17
      },
      "clicks": {
        "count": 3,
        "hold_stdev": 30.25329108484333,
        "overshoot_rate": 0.15367484500014547
      },
      "idle": {
        "count": 2,
        "mean_duration_ms": 2084.8390049943464
      }
    }
  ],
  "touch_windows": [],
  "sensor_windows": [],
  "scroll_windows": [],
  "credential_fields": [],
  "_demo_meta": {
    "auth_method": "legacy",
    "received_at": "2026-04-09T16:47:28.036Z"
  }
}