{
  "type": "behavioral",
  "header": {
    "batch_id": "b_mnrppfuy_24",
    "session_id": "00479efe-59bb-6a73-ad93-f29d4f997aa8",
    "user_hash": "anonymous",
    "device_uuid": "demo-device-MacIntel",
    "sdk_version": "0.1.0-demo",
    "sdk_platform": "web",
    "sent_at": 1775753367946,
    "pulse_number": 24
  },
  "context": {
    "user_agent": "Mozilla/5.0 (Macintosh; Intel Mac OS X 10_15_7) AppleWebKit/537.36 (KHTML, like Gecko) Chrome/146.0.0.0 Safari/537.36",
    "hardware_concurrency": 12
  },
  "signals": {},
  "keystroke_windows": [
    {
      "zone_hit_counts": [
        2,
        3,
        4,
        0,
        3,
        0,
        0,
        0,
        2,
        2
      ],
      "zone_dwell_means": [
        119.57554098111444,
        96.36621743123555,
        92.49727972358657,
        99.1582905012065,
        99.49871748812656,
        83.53217636337283,
        110.10095284474619,
        113.34404861819169,
        130.84080721012677,
        120.58129574650906
      ],
      "zone_dwell_stdevs": [
        28.251259521201217,
        14.303364815388171,
        26.1270320540115,
        26.22960903182253,
        25.724622532951045,
        13.394212223395176,
        29.38304768806214,
        16.159709670462426,
        12.42689781176562,
        17.15532178883853
      ],
      "zone_flight_means": [
        177.38777380986488,
        136.75167119279095,
        166.85546427977414,
        137.16958095842273,
        152.7837566342063,
        108.36468782082152,
        115.57571649516115,
        175.93428225811465,
        172.1876313597731,
        147.43128226062842
      ]
    }
  ],
  "pointer_windows": [
    {
      "event_count": 56,
      "movement": {
        "velocity_mean": 493.69904044022286,
        "velocity_stdev": 77.14934465896802,
        "acceleration_mean": 291.79751485334975,
        "curvature_mean": 0.11138862719952942,
        "path_efficiency": 0.8029676590928239,
        "total_distance": 1035.331296549261,
        "direction_changes": 4
      },
      "clicks": {
        "count": 1,
        "hold_stdev": 29.282845838050235,
        "overshoot_rate": 0.11438048131454934
      },
      "idle": {
        "count": 0,
        "mean_duration_ms": 2391.025714288811
      }
    }
  ],
  "touch_windows": [],
  "sensor_windows": [],
  "scroll_windows": [],
  "credential_fields": [],
  "_demo_meta": {
    "auth_method": "legacy",
    "received_at": "2026-04-09T16:49:27.961Z"
  }
}