{
  "type": "behavioral",
  "header": {
    "batch_id": "b_mnrph2xm_11",
    "session_id": "00479efe-59bb-6a73-ad93-f29d4f997aa8",
    "user_hash": "anonymous",
    "device_uuid": "demo-device-MacIntel",
    "sdk_version": "0.1.0-demo",
    "sdk_platform": "web",
    "sent_at": 1775752977946,
    "pulse_number": 11
  },
  "context": {
    "user_agent": "Mozilla/5.0 (Macintosh; Intel Mac OS X 10_15_7) AppleWebKit/537.36 (KHTML, like Gecko) Chrome/146.0.0.0 Safari/537.36",
    "hardware_concurrency": 12
  },
  "signals": {},
  "keystroke_windows": [
    {
      "zone_hit_counts": [
        2,
        2,
        1,
        2,
        1,
        3,
        2,
        3,
        4,
        2
      ],
      "zone_dwell_means": [
        126.42066756455588,
        127.98402228613895,
        132.808089357683,
        89.83845642532413,
        130.37422021193512,
        112.32845841953812,
        138.73531186162162,
        126.96406252046641,
        108.70454948941835,
        123.2210876411298
      ],
      "zone_dwell_stdevs": [
        10.032095298897108,
        19.060668535352605,
        21.794063715124175,
        21.480914206188032,
        24.260503459260583,
        13.994155669431903,
        25.92918292336463,
        26.760422538069477,
        26.020098314872985,
        14.00955256731468
      ],
      "zone_flight_means": [
        163.78013021350742,
        155.82431815109848,
        117.9145077905606,
        148.2472239324145,
        120.39993167285874,
        150.09157155284862,
        120.42040922579739,
        115.83645737254814,
        123.74343124531917,
        165.79317833273032
      ]
    }
  ],
  "pointer_windows": [
    {
      "event_count": 29,
      "movement": {
        "velocity_mean": 375.8592509182931,
        "velocity_stdev": 129.75907291516825,
        "acceleration_mean": 148.6394621862856,
        "curvature_mean": 0.1081745824485208,
        "path_efficiency": 0.936880652908938,
        "total_distance": 1968.7481441498355,
        "direction_changes": 15
      },
      "clicks": {
        "count": 4,
        "hold_stdev": 37.55318333079822,
        "overshoot_rate": 0.13649016094560254
      },
      "idle": {
        "count": 2,
        "mean_duration_ms": 2075.26788039018
      }
    }
  ],
  "touch_windows": [],
  "sensor_windows": [],
  "scroll_windows": [],
  "credential_fields": [],
  "_demo_meta": {
    "auth_method": "legacy",
    "received_at": "2026-04-09T16:42:57.958Z"
  }
}