{
  "type": "behavioral",
  "header": {
    "batch_id": "b_mnrpid8b_13",
    "session_id": "00479efe-59bb-6a73-ad93-f29d4f997aa8",
    "user_hash": "anonymous",
    "device_uuid": "demo-device-MacIntel",
    "sdk_version": "0.1.0-demo",
    "sdk_platform": "web",
    "sent_at": 1775753037947,
    "pulse_number": 13
  },
  "context": {
    "user_agent": "Mozilla/5.0 (Macintosh; Intel Mac OS X 10_15_7) AppleWebKit/537.36 (KHTML, like Gecko) Chrome/146.0.0.0 Safari/537.36",
    "hardware_concurrency": 12
  },
  "signals": {},
  "keystroke_windows": [
    {
      "zone_hit_counts": [
        1,
        3,
        1,
        0,
        0,
        2,
        0,
        0,
        4,
        3
      ],
      "zone_dwell_means": [
        93.52018297318787,
        91.7920341159788,
        114.49770545293575,
        84.40810473445107,
        123.63175373267515,
        127.8303485303546,
        117.90703642039041,
        120.84876234290442,
        86.05355349816483,
        85.68873165364803
      ],
      "zone_dwell_stdevs": [
        16.980314004367944,
        24.33783849509747,
        11.663196616385596,
        17.92548648799616,
        19.634769175485104,
        27.934034612740998,
        20.354273829932623,
        17.141361799493247,
        18.452125532200334,
        23.56187606752108
      ],
      "zone_flight_means": [
        112.32312163476789,
        106.396690174203,
        120.71382690964799,
        156.71353807526594,
        145.20761347151637,
        140.0885306184426,
        167.57621855938993,
        116.75632846895212,
        129.8799229692177,
        125.81949564170928
      ]
    }
  ],
  "pointer_windows": [
    {
      "event_count": 35,
      "movement": {
        "velocity_mean": 359.4996208995363,
        "velocity_stdev": 79.55403449828128,
        "acceleration_mean": 257.5772071357179,
        "curvature_mean": 0.41314660550646,
        "path_efficiency": 0.8915805544262851,
        "total_distance": 1933.1340087398276,
        "direction_changes": 10
      },
      "clicks": {
        "count": 4,
        "hold_stdev": 13.581264203760846,
        "overshoot_rate": 0.10635284000358035
      },
      "idle": {
        "count": 0,
        "mean_duration_ms": 2449.5961092304115
      }
    }
  ],
  "touch_windows": [],
  "sensor_windows": [],
  "scroll_windows": [],
  "credential_fields": [],
  "_demo_meta": {
    "auth_method": "legacy",
    "received_at": "2026-04-09T16:43:57.961Z"
  }
}