{
  "type": "behavioral",
  "header": {
    "batch_id": "b_mnrpball_2",
    "session_id": "00479efe-59bb-6a73-ad93-f29d4f997aa8",
    "user_hash": "anonymous",
    "device_uuid": "demo-device-MacIntel",
    "sdk_version": "0.1.0-demo",
    "sdk_platform": "web",
    "sent_at": 1775752707945,
    "pulse_number": 2
  },
  "context": {
    "user_agent": "Mozilla/5.0 (Macintosh; Intel Mac OS X 10_15_7) AppleWebKit/537.36 (KHTML, like Gecko) Chrome/146.0.0.0 Safari/537.36",
    "hardware_concurrency": 12
  },
  "signals": {},
  "keystroke_windows": [
    {
      "zone_hit_counts": [
        0,
        1,
        2,
        2,
        0,
        1,
        2,
        3,
        3,
        3
      ],
      "zone_dwell_means": [
        132.74976056685782,
        88.33556779326516,
        96.75164662977346,
        110.08182219528145,
        135.61079952493236,
        100.88534541372303,
        119.0419391361639,
        83.52032248676237,
        137.99840730650538,
        134.07532923996612
      ],
      "zone_dwell_stdevs": [
        22.974305942796995,
        29.777503780127038,
        24.764835032734528,
        22.225199019488336,
        17.349497026763395,
        29.911727297510566,
        21.91002615402695,
        22.244546442476732,
        20.949073958465313,
        11.9167940234772
      ],
      "zone_flight_means": [
        158.25220175017566,
        170.45842458843413,
        158.54077025007692,
        112.2832222494529,
        155.82552215816082,
        139.95349923786097,
        167.92346909973122,
        135.5338087685953,
        159.06592500049584,
        133.5950362595587
      ]
    }
  ],
  "pointer_windows": [
    {
      "event_count": 8,
      "movement": {
        "velocity_mean": 380.41339626405994,
        "velocity_stdev": 79.04432583175355,
        "acceleration_mean": 102.89163749515065,
        "curvature_mean": 0.3586101077133652,
        "path_efficiency": 0.8979603240058469,
        "total_distance": 1017.9295147579073,
        "direction_changes": 7
      },
      "clicks": {
        "count": 3,
        "hold_stdev": 35.762254297016824,
        "overshoot_rate": 0.27225060721335936
      },
      "idle": {
        "count": 0,
        "mean_duration_ms": 1718.2142706813388
      }
    }
  ],
  "touch_windows": [],
  "sensor_windows": [],
  "scroll_windows": [],
  "credential_fields": [],
  "_demo_meta": {
    "auth_method": "legacy",
    "received_at": "2026-04-09T16:38:27.964Z"
  }
}