{
  "type": "behavioral",
  "header": {
    "batch_id": "b_mnrpzq8e_40",
    "session_id": "00479efe-59bb-6a73-ad93-f29d4f997aa8",
    "user_hash": "anonymous",
    "device_uuid": "demo-device-MacIntel",
    "sdk_version": "0.1.0-demo",
    "sdk_platform": "web",
    "sent_at": 1775753847950,
    "pulse_number": 40
  },
  "context": {
    "user_agent": "Mozilla/5.0 (Macintosh; Intel Mac OS X 10_15_7) AppleWebKit/537.36 (KHTML, like Gecko) Chrome/146.0.0.0 Safari/537.36",
    "hardware_concurrency": 12
  },
  "signals": {},
  "keystroke_windows": [
    {
      "zone_hit_counts": [
        2,
        1,
        3,
        2,
        1,
        1,
        1,
        1,
        2,
        3
      ],
      "zone_dwell_means": [
        139.8226069512574,
        101.16867992796955,
        129.1063232675732,
        97.02404369640765,
        122.34604541848276,
        104.20539852421386,
        108.50977402875921,
        96.93573219392393,
        86.58702797677269,
        83.67460277336436
      ],
      "zone_dwell_stdevs": [
        27.371120845941093,
        25.18335923939236,
        15.87013629134262,
        10.356005320649754,
        22.504291707895014,
        12.321444728448094,
        29.226285288442742,
        24.049179809484677,
        10.279060023126835,
        11.67118610430365
      ],
      "zone_flight_means": [
        136.34370455620382,
        138.5489855915153,
        137.05315170747528,
        108.72082588009573,
        104.1084817076133,
        113.11788293422839,
        179.4589675426102,
        145.43696697491288,
        141.06598795270384,
        122.94132856088088
      ]
    }
  ],
  "pointer_windows": [
    {
      "event_count": 84,
      "movement": {
        "velocity_mean": 477.3138903463085,
        "velocity_stdev": 67.72565311287295,
        "acceleration_mean": 198.26787123302026,
        "curvature_mean": 0.4866005593943742,
        "path_efficiency": 0.9418393702713806,
        "total_distance": 2424.516912738007,
        "direction_changes": 19
      },
      "clicks": {
        "count": 0,
        "hold_stdev": 11.246175315597226,
        "overshoot_rate": 0.21905798451352154
      },
      "idle": {
        "count": 2,
        "mean_duration_ms": 2146.897105105304
      }
    }
  ],
  "touch_windows": [],
  "sensor_windows": [],
  "scroll_windows": [],
  "credential_fields": [],
  "_demo_meta": {
    "auth_method": "legacy",
    "received_at": "2026-04-09T16:57:27.964Z"
  }
}