{
  "type": "behavioral",
  "header": {
    "batch_id": "b_mnrpz332_39",
    "session_id": "00479efe-59bb-6a73-ad93-f29d4f997aa8",
    "user_hash": "anonymous",
    "device_uuid": "demo-device-MacIntel",
    "sdk_version": "0.1.0-demo",
    "sdk_platform": "web",
    "sent_at": 1775753817950,
    "pulse_number": 39
  },
  "context": {
    "user_agent": "Mozilla/5.0 (Macintosh; Intel Mac OS X 10_15_7) AppleWebKit/537.36 (KHTML, like Gecko) Chrome/146.0.0.0 Safari/537.36",
    "hardware_concurrency": 12
  },
  "signals": {},
  "keystroke_windows": [
    {
      "zone_hit_counts": [
        4,
        4,
        0,
        2,
        3,
        1,
        3,
        2,
        0,
        3
      ],
      "zone_dwell_means": [
        138.61247951956696,
        120.21669537551652,
        88.54318945813317,
        81.53829641452003,
        111.86157715877741,
        116.79411378501268,
        80.6493659938188,
        123.60248115620288,
        102.86445793987895,
        132.90534822070077
      ],
      "zone_dwell_stdevs": [
        25.4838859105281,
        24.52288469697171,
        12.988122268897746,
        26.71481029976215,
        23.74715566486332,
        28.255605254460328,
        13.199574786730127,
        13.300354228924189,
        22.267812199459055,
        16.28450133507934
      ],
      "zone_flight_means": [
        150.5696386263764,
        147.60978896288148,
        167.6589667094156,
        110.3224647464591,
        179.54662121498944,
        179.68492394029127,
        141.63148392869144,
        158.51860787831043,
        119.85609075052223,
        178.53327308040696
      ]
    }
  ],
  "pointer_windows": [
    {
      "event_count": 82,
      "movement": {
        "velocity_mean": 370.47674224577713,
        "velocity_stdev": 89.94693533002533,
        "acceleration_mean": 176.72062246955616,
        "curvature_mean": 0.26817620106614193,
        "path_efficiency": 0.8313067117871775,
        "total_distance": 750.3063934164891,
        "direction_changes": 3
      },
      "clicks": {
        "count": 4,
        "hold_stdev": 37.379387423138425,
        "overshoot_rate": 0.02296566703501073
      },
      "idle": {
        "count": 1,
        "mean_duration_ms": 1288.1979764969083
      }
    }
  ],
  "touch_windows": [],
  "sensor_windows": [],
  "scroll_windows": [],
  "credential_fields": [],
  "_demo_meta": {
    "auth_method": "legacy",
    "received_at": "2026-04-09T16:56:57.967Z"
  }
}