{
  "type": "behavioral",
  "header": {
    "batch_id": "b_mnrpkxto_17",
    "session_id": "00479efe-59bb-6a73-ad93-f29d4f997aa8",
    "user_hash": "anonymous",
    "device_uuid": "demo-device-MacIntel",
    "sdk_version": "0.1.0-demo",
    "sdk_platform": "web",
    "sent_at": 1775753157948,
    "pulse_number": 17
  },
  "context": {
    "user_agent": "Mozilla/5.0 (Macintosh; Intel Mac OS X 10_15_7) AppleWebKit/537.36 (KHTML, like Gecko) Chrome/146.0.0.0 Safari/537.36",
    "hardware_concurrency": 12
  },
  "signals": {},
  "keystroke_windows": [
    {
      "zone_hit_counts": [
        1,
        3,
        2,
        0,
        0,
        0,
        4,
        4,
        4,
        2
      ],
      "zone_dwell_means": [
        86.61045805589302,
        95.72836932358867,
        131.22468327895498,
        106.7050893560542,
        120.41141302519549,
        85.24303096971576,
        119.37632473004712,
        119.10701543418898,
        119.09199007043989,
        106.5979974686172
      ],
      "zone_dwell_stdevs": [
        19.493182498769947,
        29.106781207007412,
        11.236260539976259,
        26.071240132644302,
        18.98713398136658,
        25.24014687399572,
        14.858279431606897,
        29.407357077128808,
        16.41889415495551,
        28.00041567213431
      ],
      "zone_flight_means": [
        108.50386161701299,
        104.965094740505,
        140.96563644329245,
        170.3107792912142,
        140.30702721017704,
        111.98054751928231,
        165.1774885210931,
        155.90675325869353,
        176.0907560272168,
        127.7404323146818
      ]
    }
  ],
  "pointer_windows": [
    {
      "event_count": 45,
      "movement": {
        "velocity_mean": 291.17453946697657,
        "velocity_stdev": 117.90362331355674,
        "acceleration_mean": 167.33477172179272,
        "curvature_mean": 0.4122119487190954,
        "path_efficiency": 0.7067262887944185,
        "total_distance": 1728.8025404178316,
        "direction_changes": 12
      },
      "clicks": {
        "count": 3,
        "hold_stdev": 28.338580089840875,
        "overshoot_rate": 0.061035815526150713
      },
      "idle": {
        "count": 1,
        "mean_duration_ms": 1374.0357726025534
      }
    }
  ],
  "touch_windows": [],
  "sensor_windows": [],
  "scroll_windows": [],
  "credential_fields": [],
  "_demo_meta": {
    "auth_method": "legacy",
    "received_at": "2026-04-09T16:45:57.973Z"
  }
}