{
  "type": "behavioral",
  "header": {
    "batch_id": "b_mnrptar0_30",
    "session_id": "00479efe-59bb-6a73-ad93-f29d4f997aa8",
    "user_hash": "anonymous",
    "device_uuid": "demo-device-MacIntel",
    "sdk_version": "0.1.0-demo",
    "sdk_platform": "web",
    "sent_at": 1775753547948,
    "pulse_number": 30
  },
  "context": {
    "user_agent": "Mozilla/5.0 (Macintosh; Intel Mac OS X 10_15_7) AppleWebKit/537.36 (KHTML, like Gecko) Chrome/146.0.0.0 Safari/537.36",
    "hardware_concurrency": 12
  },
  "signals": {},
  "keystroke_windows": [
    {
      "zone_hit_counts": [
        2,
        0,
        0,
        4,
        3,
        1,
        0,
        1,
        1,
        3
      ],
      "zone_dwell_means": [
        119.99432712858217,
        127.0422967947273,
        90.4020065913586,
        107.14765262290813,
        97.10024114268501,
        117.15555990141985,
        85.4091448025535,
        102.38572646803942,
        135.37212808247838,
        123.06776598991166
      ],
      "zone_dwell_stdevs": [
        29.62553784064733,
        16.01435200812237,
        29.428077667007773,
        14.718919849811694,
        19.313614848135757,
        24.688435787500964,
        17.614301250281677,
        26.453141727641224,
        26.614883779391572,
        21.67975199822935
      ],
      "zone_flight_means": [
        113.9815275035949,
        122.80007026093395,
        148.27060214252074,
        162.30035339320895,
        126.4851751893649,
        167.79198927677436,
        177.90295098510396,
        109.29082913792998,
        151.62900443021985,
        133.97731875083483
      ]
    }
  ],
  "pointer_windows": [
    {
      "event_count": 69,
      "movement": {
        "velocity_mean": 364.5479179705124,
        "velocity_stdev": 138.94123751654718,
        "acceleration_mean": 228.3729429309142,
        "curvature_mean": 0.2410084558402451,
        "path_efficiency": 0.9184071770706101,
        "total_distance": 1315.3574098529866,
        "direction_changes": 0
      },
      "clicks": {
        "count": 1,
        "hold_stdev": 14.640511185654216,
        "overshoot_rate": 0.07657504101746505
      },
      "idle": {
        "count": 1,
        "mean_duration_ms": 788.6143155570339
      }
    }
  ],
  "touch_windows": [],
  "sensor_windows": [],
  "scroll_windows": [],
  "credential_fields": [],
  "_demo_meta": {
    "auth_method": "legacy",
    "received_at": "2026-04-09T16:52:27.965Z"
  }
}