{
  "type": "behavioral",
  "header": {
    "batch_id": "b_mnrpsnlo_29",
    "session_id": "00479efe-59bb-6a73-ad93-f29d4f997aa8",
    "user_hash": "anonymous",
    "device_uuid": "demo-device-MacIntel",
    "sdk_version": "0.1.0-demo",
    "sdk_platform": "web",
    "sent_at": 1775753517948,
    "pulse_number": 29
  },
  "context": {
    "user_agent": "Mozilla/5.0 (Macintosh; Intel Mac OS X 10_15_7) AppleWebKit/537.36 (KHTML, like Gecko) Chrome/146.0.0.0 Safari/537.36",
    "hardware_concurrency": 12
  },
  "signals": {},
  "keystroke_windows": [
    {
      "zone_hit_counts": [
        4,
        1,
        0,
        4,
        1,
        3,
        2,
        1,
        3,
        2
      ],
      "zone_dwell_means": [
        128.25088530088007,
        110.97943629255963,
        98.36834912361567,
        136.28586554339728,
        91.8341462512967,
        111.33980440784657,
        84.06655957105488,
        108.22545013716734,
        111.20082816408213,
        94.76414306407365
      ],
      "zone_dwell_stdevs": [
        28.509596464629986,
        11.597151472359105,
        22.55876398424482,
        13.674867421034808,
        28.248961295295718,
        13.729680654909755,
        22.90193946108411,
        20.118928366655577,
        26.392324063324793,
        25.371113825397103
      ],
      "zone_flight_means": [
        106.92097553169197,
        159.3414633903323,
        168.6816050096285,
        167.05754782264984,
        149.31028049397267,
        155.2155382365292,
        145.9624141054361,
        101.39232453708564,
        106.01163261068648,
        172.40030560987705
      ]
    }
  ],
  "pointer_windows": [
    {
      "event_count": 67,
      "movement": {
        "velocity_mean": 445.21634534140696,
        "velocity_stdev": 80.06637238847529,
        "acceleration_mean": 205.64181716218468,
        "curvature_mean": 0.2738808969102339,
        "path_efficiency": 0.7685100557097211,
        "total_distance": 1483.6167265273798,
        "direction_changes": 4
      },
      "clicks": {
        "count": 0,
        "hold_stdev": 23.18263680573058,
        "overshoot_rate": 0.14789997822340903
      },
      "idle": {
        "count": 0,
        "mean_duration_ms": 1288.1359469621534
      }
    }
  ],
  "touch_windows": [],
  "sensor_windows": [],
  "scroll_windows": [],
  "credential_fields": [],
  "_demo_meta": {
    "auth_method": "legacy",
    "received_at": "2026-04-09T16:51:57.966Z"
  }
}