{
  "type": "behavioral",
  "header": {
    "batch_id": "b_mnrpf5hm_8",
    "session_id": "00479efe-59bb-6a73-ad93-f29d4f997aa8",
    "user_hash": "anonymous",
    "device_uuid": "demo-device-MacIntel",
    "sdk_version": "0.1.0-demo",
    "sdk_platform": "web",
    "sent_at": 1775752887946,
    "pulse_number": 8
  },
  "context": {
    "user_agent": "Mozilla/5.0 (Macintosh; Intel Mac OS X 10_15_7) AppleWebKit/537.36 (KHTML, like Gecko) Chrome/146.0.0.0 Safari/537.36",
    "hardware_concurrency": 12
  },
  "signals": {},
  "keystroke_windows": [
    {
      "zone_hit_counts": [
        0,
        2,
        2,
        1,
        1,
        0,
        4,
        4,
        1,
        2
      ],
      "zone_dwell_means": [
        104.40010753979763,
        131.6344045789966,
        130.20280146989845,
        104.61684536732258,
        113.7590047008156,
        86.94231446937037,
        114.90323557991587,
        82.97374240300108,
        87.06193722006026,
        92.85125124335477
      ],
      "zone_dwell_stdevs": [
        15.328093510990932,
        26.002032155534163,
        11.94564887579415,
        19.811977320768808,
        15.04282269758714,
        19.888748558045673,
        29.35131856287095,
        27.199512989325022,
        18.299616303107452,
        26.253750864122726
      ],
      "zone_flight_means": [
        126.06296916298194,
        141.96309323842632,
        150.27157358636327,
        113.05793728922482,
        177.65745579639002,
        110.04207304060351,
        107.27436838987835,
        140.63297588821,
        111.51771880515811,
        105.07061306898328
      ]
    }
  ],
  "pointer_windows": [
    {
      "event_count": 19,
      "movement": {
        "velocity_mean": 473.46490649458633,
        "velocity_stdev": 88.47822599917725,
        "acceleration_mean": 153.5002287319316,
        "curvature_mean": 0.2583606011467926,
        "path_efficiency": 0.9421743415727184,
        "total_distance": 598.6167115732246,
        "direction_changes": 8
      },
      "clicks": {
        "count": 3,
        "hold_stdev": 35.36537514974623,
        "overshoot_rate": 0.2595450727604209
      },
      "idle": {
        "count": 2,
        "mean_duration_ms": 1006.5363785529648
      }
    }
  ],
  "touch_windows": [],
  "sensor_windows": [],
  "scroll_windows": [],
  "credential_fields": [],
  "_demo_meta": {
    "auth_method": "legacy",
    "received_at": "2026-04-09T16:41:27.956Z"
  }
}