{
  "type": "behavioral",
  "header": {
    "batch_id": "b_mnrpj0do_14",
    "session_id": "00479efe-59bb-6a73-ad93-f29d4f997aa8",
    "user_hash": "anonymous",
    "device_uuid": "demo-device-MacIntel",
    "sdk_version": "0.1.0-demo",
    "sdk_platform": "web",
    "sent_at": 1775753067948,
    "pulse_number": 14
  },
  "context": {
    "user_agent": "Mozilla/5.0 (Macintosh; Intel Mac OS X 10_15_7) AppleWebKit/537.36 (KHTML, like Gecko) Chrome/146.0.0.0 Safari/537.36",
    "hardware_concurrency": 12
  },
  "signals": {},
  "keystroke_windows": [
    {
      "zone_hit_counts": [
        3,
        2,
        3,
        1,
        1,
        4,
        3,
        0,
        3,
        3
      ],
      "zone_dwell_means": [
        121.62853275855508,
        101.86727190875366,
        115.80107318656496,
        84.19802257436058,
        102.08993011403429,
        116.12708934665204,
        129.47741980067397,
        120.459596496282,
        106.82503233978883,
        121.9950884304339
      ],
      "zone_dwell_stdevs": [
        16.392372388978487,
        15.241333464594252,
        16.062132397639004,
        28.827250287413126,
        18.83507328289955,
        20.580070245373136,
        23.186179533889277,
        27.549446217949118,
        26.519323919308995,
        22.072381300485763
      ],
      "zone_flight_means": [
        165.99157378424803,
        127.32291105629162,
        164.27076598510024,
        107.82780516209195,
        146.44608768671563,
        179.3683482837971,
        114.0016390598604,
        125.26349671129321,
        105.37987315820399,
        168.95097748508238
      ]
    }
  ],
  "pointer_windows": [
    {
      "event_count": 37,
      "movement": {
        "velocity_mean": 350.66063508416653,
        "velocity_stdev": 69.01650972379913,
        "acceleration_mean": 115.06291908795372,
        "curvature_mean": 0.30567777772013255,
        "path_efficiency": 0.8623403121242188,
        "total_distance": 2431.3640044672898,
        "direction_changes": 2
      },
      "clicks": {
        "count": 3,
        "hold_stdev": 24.191398263587345,
        "overshoot_rate": 0.1607673221217821
      },
      "idle": {
        "count": 0,
        "mean_duration_ms": 1962.2579238677888
      }
    }
  ],
  "touch_windows": [],
  "sensor_windows": [],
  "scroll_windows": [],
  "credential_fields": [],
  "_demo_meta": {
    "auth_method": "legacy",
    "received_at": "2026-04-09T16:44:27.960Z"
  }
}