{
  "type": "behavioral",
  "header": {
    "batch_id": "b_mnrpbxqx_3",
    "session_id": "00479efe-59bb-6a73-ad93-f29d4f997aa8",
    "user_hash": "anonymous",
    "device_uuid": "demo-device-MacIntel",
    "sdk_version": "0.1.0-demo",
    "sdk_platform": "web",
    "sent_at": 1775752737945,
    "pulse_number": 3
  },
  "context": {
    "user_agent": "Mozilla/5.0 (Macintosh; Intel Mac OS X 10_15_7) AppleWebKit/537.36 (KHTML, like Gecko) Chrome/146.0.0.0 Safari/537.36",
    "hardware_concurrency": 12
  },
  "signals": {},
  "keystroke_windows": [
    {
      "zone_hit_counts": [
        1,
        3,
        2,
        2,
        4,
        4,
        1,
        2,
        3,
        3
      ],
      "zone_dwell_means": [
        119.62723577735646,
        102.29374538933948,
        89.79952965514441,
        113.43670200629292,
        103.72820209830981,
        108.89506876629895,
        84.45680887345054,
        91.5387586456861,
        132.63346133151938,
        116.2259924800857
      ],
      "zone_dwell_stdevs": [
        25.259654603888706,
        15.496754407748243,
        12.289668119133616,
        16.553670428116835,
        26.628822483795847,
        16.554658013039315,
        16.223780655956674,
        22.15408951558042,
        18.996081722333706,
        18.977111978284718
      ],
      "zone_flight_means": [
        160.41174652761896,
        149.63486851476713,
        102.49709223944936,
        153.1322264338705,
        150.89223858686557,
        170.56194637324305,
        170.77504741400668,
        167.31440437176752,
        141.0602432664678,
        152.56004436943638
      ]
    }
  ],
  "pointer_windows": [
    {
      "event_count": 11,
      "movement": {
        "velocity_mean": 305.5352098668309,
        "velocity_stdev": 146.45951718880065,
        "acceleration_mean": 216.0438755729961,
        "curvature_mean": 0.42630575360020984,
        "path_efficiency": 0.6152711192209179,
        "total_distance": 909.0614375699397,
        "direction_changes": 0
      },
      "clicks": {
        "count": 4,
        "hold_stdev": 10.62965124049729,
        "overshoot_rate": 0.11062437788463994
      },
      "idle": {
        "count": 0,
        "mean_duration_ms": 2028.5633932192743
      }
    }
  ],
  "touch_windows": [],
  "sensor_windows": [],
  "scroll_windows": [],
  "credential_fields": [],
  "_demo_meta": {
    "auth_method": "legacy",
    "received_at": "2026-04-09T16:38:57.957Z"
  }
}