{
  "type": "behavioral",
  "header": {
    "batch_id": "b_mnrpckw9_4",
    "session_id": "00479efe-59bb-6a73-ad93-f29d4f997aa8",
    "user_hash": "anonymous",
    "device_uuid": "demo-device-MacIntel",
    "sdk_version": "0.1.0-demo",
    "sdk_platform": "web",
    "sent_at": 1775752767945,
    "pulse_number": 4
  },
  "context": {
    "user_agent": "Mozilla/5.0 (Macintosh; Intel Mac OS X 10_15_7) AppleWebKit/537.36 (KHTML, like Gecko) Chrome/146.0.0.0 Safari/537.36",
    "hardware_concurrency": 12
  },
  "signals": {},
  "keystroke_windows": [
    {
      "zone_hit_counts": [
        0,
        3,
        1,
        4,
        0,
        1,
        4,
        0,
        0,
        4
      ],
      "zone_dwell_means": [
        113.81270433139565,
        112.5692071329928,
        87.45073119677004,
        136.20371856499537,
        116.84679496573511,
        99.5990038163885,
        128.88397606284218,
        86.07665273301129,
        80.38456597402181,
        103.43502892516722
      ],
      "zone_dwell_stdevs": [
        12.752199760453365,
        29.976349477756322,
        11.542646847730389,
        12.432902628563511,
        29.48294894520777,
        26.649911579458855,
        19.048563612975197,
        22.463331211351594,
        15.339578747414544,
        14.488304747598612
      ],
      "zone_flight_means": [
        151.4903015081869,
        114.17379612080464,
        114.78371275025273,
        150.7817805029244,
        110.15174462310574,
        149.52669264751268,
        152.25436310537617,
        113.17939879167942,
        179.13466936953589,
        110.51356969667899
      ]
    }
  ],
  "pointer_windows": [
    {
      "event_count": 11,
      "movement": {
        "velocity_mean": 376.2681405066096,
        "velocity_stdev": 146.1712172911278,
        "acceleration_mean": 231.97662133111209,
        "curvature_mean": 0.38414411631016177,
        "path_efficiency": 0.9408295812934451,
        "total_distance": 948.4155084534125,
        "direction_changes": 17
      },
      "clicks": {
        "count": 2,
        "hold_stdev": 25.558952066401247,
        "overshoot_rate": 0.03939499254660955
      },
      "idle": {
        "count": 0,
        "mean_duration_ms": 1244.649810610455
      }
    }
  ],
  "touch_windows": [],
  "sensor_windows": [],
  "scroll_windows": [],
  "credential_fields": [],
  "_demo_meta": {
    "auth_method": "legacy",
    "received_at": "2026-04-09T16:39:27.958Z"
  }
}