{
  "type": "behavioral",
  "header": {
    "batch_id": "b_mnro4ljv_6",
    "session_id": "0ec76e1b-41e6-5234-2f90-55fd8bfb4144",
    "user_hash": "anonymous",
    "device_uuid": "demo-device-MacIntel",
    "sdk_version": "0.1.0-demo",
    "sdk_platform": "web",
    "sent_at": 1775750715931,
    "pulse_number": 6
  },
  "context": {
    "user_agent": "Mozilla/5.0 (Macintosh; Intel Mac OS X 10_15_7) AppleWebKit/537.36 (KHTML, like Gecko) Chrome/146.0.0.0 Safari/537.36",
    "hardware_concurrency": 12
  },
  "signals": {},
  "keystroke_windows": [
    {
      "zone_hit_counts": [
        4,
        4,
        0,
        0,
        0,
        2,
        0,
        3,
        3,
        2
      ],
      "zone_dwell_means": [
        115.92419992983992,
        82.32530332354533,
        135.6204640459902,
        134.85565784399554,
        126.76236938357185,
        126.1825459542182,
        116.29238627774527,
        80.32048922568023,
        87.34917600216512,
        137.08137508782852
      ],
      "zone_dwell_stdevs": [
        25.847759183708792,
        27.828297734595512,
        20.220571509308,
        21.97960379728053,
        22.804778993986538,
        17.24059683845652,
        20.255846795519357,
        15.314638880610524,
        14.44218985694036,
        15.453516514646424
      ],
      "zone_flight_means": [
        111.562264857045,
        105.95247433133672,
        158.92828291244984,
        153.96960276900182,
        153.56698623854822,
        170.04144077418115,
        142.12626866849382,
        132.6923299565861,
        119.94465477866149,
        164.18761289460605
      ]
    }
  ],
  "pointer_windows": [
    {
      "event_count": 9,
      "movement": {
        "velocity_mean": 325.3081243470408,
        "velocity_stdev": 108.76161329608053,
        "acceleration_mean": 127.53193296910177,
        "curvature_mean": 0.4432464448956295,
        "path_efficiency": 0.7267407446549142,
        "total_distance": 2212.340442609052,
        "direction_changes": 13
      },
      "clicks": {
        "count": 0,
        "hold_stdev": 37.24717890811593,
        "overshoot_rate": 0.26188326873979767
      },
      "idle": {
        "count": 2,
        "mean_duration_ms": 1008.9782966863883
      }
    }
  ],
  "touch_windows": [],
  "sensor_windows": [],
  "scroll_windows": [],
  "credential_fields": [],
  "_demo_meta": {
    "auth_method": "legacy",
    "received_at": "2026-04-09T16:05:15.948Z"
  }
}