{
  "type": "behavioral",
  "header": {
    "batch_id": "b_mnrow8xe_49",
    "session_id": "0ec76e1b-41e6-5234-2f90-55fd8bfb4144",
    "user_hash": "anonymous",
    "device_uuid": "demo-device-MacIntel",
    "sdk_version": "0.1.0-demo",
    "sdk_platform": "web",
    "sent_at": 1775752005938,
    "pulse_number": 49
  },
  "context": {
    "user_agent": "Mozilla/5.0 (Macintosh; Intel Mac OS X 10_15_7) AppleWebKit/537.36 (KHTML, like Gecko) Chrome/146.0.0.0 Safari/537.36",
    "hardware_concurrency": 12
  },
  "signals": {},
  "keystroke_windows": [
    {
      "zone_hit_counts": [
        3,
        3,
        0,
        0,
        3,
        1,
        1,
        0,
        0,
        2
      ],
      "zone_dwell_means": [
        103.242657644043,
        101.41172631065879,
        132.9042403183128,
        139.32602007191844,
        114.00913415134616,
        135.80688236559587,
        80.7913207639333,
        89.39801643144217,
        124.13753815927461,
        117.05584759267747
      ],
      "zone_dwell_stdevs": [
        10.190460976765145,
        22.609898439088095,
        11.030836833902386,
        20.581645691836442,
        14.131084584036177,
        24.083056681970287,
        17.716608991707666,
        25.48483352825555,
        23.445694853298907,
        27.552499601330226
      ],
      "zone_flight_means": [
        111.26668749084442,
        132.5173671247894,
        126.92432931518702,
        109.03161573273837,
        111.55834532308953,
        162.35890129384632,
        140.4714951112436,
        105.91772105671028,
        166.9601224792935,
        135.07358474329402
      ]
    }
  ],
  "pointer_windows": [
    {
      "event_count": 98,
      "movement": {
        "velocity_mean": 212.170431843986,
        "velocity_stdev": 142.96078476353068,
        "acceleration_mean": 149.06173653780382,
        "curvature_mean": 0.2050403375351446,
        "path_efficiency": 0.8881771850289553,
        "total_distance": 2263.505594639825,
        "direction_changes": 5
      },
      "clicks": {
        "count": 4,
        "hold_stdev": 27.826036679551212,
        "overshoot_rate": 0.08272363804405915
      },
      "idle": {
        "count": 2,
        "mean_duration_ms": 2468.6421118426188
      }
    }
  ],
  "touch_windows": [],
  "sensor_windows": [],
  "scroll_windows": [],
  "credential_fields": [],
  "_demo_meta": {
    "auth_method": "legacy",
    "received_at": "2026-04-09T16:26:45.957Z"
  }
}