{
  "type": "behavioral",
  "header": {
    "batch_id": "b_mnroiqte_28",
    "session_id": "0ec76e1b-41e6-5234-2f90-55fd8bfb4144",
    "user_hash": "anonymous",
    "device_uuid": "demo-device-MacIntel",
    "sdk_version": "0.1.0-demo",
    "sdk_platform": "web",
    "sent_at": 1775751375938,
    "pulse_number": 28
  },
  "context": {
    "user_agent": "Mozilla/5.0 (Macintosh; Intel Mac OS X 10_15_7) AppleWebKit/537.36 (KHTML, like Gecko) Chrome/146.0.0.0 Safari/537.36",
    "hardware_concurrency": 12
  },
  "signals": {},
  "keystroke_windows": [
    {
      "zone_hit_counts": [
        2,
        3,
        2,
        2,
        4,
        4,
        3,
        3,
        3,
        4
      ],
      "zone_dwell_means": [
        94.5188859352066,
        137.8251972172101,
        111.25146344589359,
        93.14701142190138,
        103.23539554001317,
        83.73688860473086,
        117.95493782117022,
        99.53289553140722,
        85.19949177099214,
        128.19203667483015
      ],
      "zone_dwell_stdevs": [
        14.305149317517774,
        20.729657114358847,
        28.8751831569196,
        29.206224283420028,
        19.82789882819865,
        24.67967707601968,
        16.97104063929934,
        26.094753899561173,
        21.78954446568366,
        25.836296028584783
      ],
      "zone_flight_means": [
        100.14095946698164,
        158.1273124686552,
        135.65743295301868,
        117.20619682496003,
        108.58434720370064,
        106.81632692564028,
        168.57852350511249,
        123.47825536534475,
        157.97054313871956,
        123.75207541063565
      ]
    }
  ],
  "pointer_windows": [
    {
      "event_count": 52,
      "movement": {
        "velocity_mean": 273.77504346614006,
        "velocity_stdev": 110.95597562077931,
        "acceleration_mean": 192.24860956747483,
        "curvature_mean": 0.29532324616301053,
        "path_efficiency": 0.7798303222226746,
        "total_distance": 1009.0233631234755,
        "direction_changes": 0
      },
      "clicks": {
        "count": 3,
        "hold_stdev": 10.923787013091985,
        "overshoot_rate": 0.050479575784732555
      },
      "idle": {
        "count": 1,
        "mean_duration_ms": 1167.8574198758063
      }
    }
  ],
  "touch_windows": [],
  "sensor_windows": [],
  "scroll_windows": [],
  "credential_fields": [],
  "_demo_meta": {
    "auth_method": "legacy",
    "received_at": "2026-04-09T16:16:15.953Z"
  }
}