{
  "type": "behavioral",
  "header": {
    "batch_id": "b_mnrok13z_30",
    "session_id": "0ec76e1b-41e6-5234-2f90-55fd8bfb4144",
    "user_hash": "anonymous",
    "device_uuid": "demo-device-MacIntel",
    "sdk_version": "0.1.0-demo",
    "sdk_platform": "web",
    "sent_at": 1775751435935,
    "pulse_number": 30
  },
  "context": {
    "user_agent": "Mozilla/5.0 (Macintosh; Intel Mac OS X 10_15_7) AppleWebKit/537.36 (KHTML, like Gecko) Chrome/146.0.0.0 Safari/537.36",
    "hardware_concurrency": 12
  },
  "signals": {},
  "keystroke_windows": [
    {
      "zone_hit_counts": [
        0,
        4,
        2,
        1,
        2,
        1,
        3,
        3,
        0,
        2
      ],
      "zone_dwell_means": [
        123.20572896301934,
        82.27186538659977,
        134.00252635417553,
        114.22419675097487,
        119.88087818278946,
        116.19042042398752,
        92.13234516290731,
        136.39114212013845,
        132.25807107896674,
        107.83128530586157
      ],
      "zone_dwell_stdevs": [
        24.847695624764118,
        10.609018201720549,
        25.790802018025587,
        23.640702625478678,
        17.61105183799776,
        25.061495732218027,
        27.260252251956985,
        22.187906488687197,
        18.923768297230644,
        14.751276126802782
      ],
      "zone_flight_means": [
        144.865664587908,
        174.2085024476131,
        111.70559255198933,
        140.08879928543843,
        165.23755587417173,
        148.25247131496738,
        166.0893440773938,
        171.8019453598688,
        119.6980000564748,
        110.06588663635078
      ]
    }
  ],
  "pointer_windows": [
    {
      "event_count": 57,
      "movement": {
        "velocity_mean": 430.36891904653936,
        "velocity_stdev": 96.28165597608833,
        "acceleration_mean": 259.6784851022692,
        "curvature_mean": 0.1184197816751384,
        "path_efficiency": 0.9238587684595456,
        "total_distance": 2478.350889036223,
        "direction_changes": 8
      },
      "clicks": {
        "count": 3,
        "hold_stdev": 16.29759550255463,
        "overshoot_rate": 0.24583327038647607
      },
      "idle": {
        "count": 2,
        "mean_duration_ms": 1959.1430549551221
      }
    }
  ],
  "touch_windows": [],
  "sensor_windows": [],
  "scroll_windows": [],
  "credential_fields": [],
  "_demo_meta": {
    "auth_method": "legacy",
    "received_at": "2026-04-09T16:17:15.952Z"
  }
}