{
  "type": "behavioral",
  "header": {
    "batch_id": "b_mnroko98_31",
    "session_id": "0ec76e1b-41e6-5234-2f90-55fd8bfb4144",
    "user_hash": "anonymous",
    "device_uuid": "demo-device-MacIntel",
    "sdk_version": "0.1.0-demo",
    "sdk_platform": "web",
    "sent_at": 1775751465932,
    "pulse_number": 31
  },
  "context": {
    "user_agent": "Mozilla/5.0 (Macintosh; Intel Mac OS X 10_15_7) AppleWebKit/537.36 (KHTML, like Gecko) Chrome/146.0.0.0 Safari/537.36",
    "hardware_concurrency": 12
  },
  "signals": {},
  "keystroke_windows": [
    {
      "zone_hit_counts": [
        2,
        3,
        3,
        3,
        3,
        0,
        2,
        1,
        0,
        3
      ],
      "zone_dwell_means": [
        134.17994441758236,
        105.00547471154269,
        101.8168465694321,
        110.9892976401601,
        96.8493213897812,
        129.2541766617262,
        117.26046478878983,
        103.7673587789934,
        95.25529999180429,
        101.68719408344408
      ],
      "zone_dwell_stdevs": [
        23.10731287793233,
        26.084011782724936,
        24.203020486093827,
        14.61147387590051,
        27.226692072209136,
        13.369914231248352,
        14.384591861043138,
        15.909307611608941,
        24.080892505809793,
        20.132314031675545
      ],
      "zone_flight_means": [
        152.04209465715607,
        173.61366891142677,
        161.49811250094422,
        102.2621671118721,
        138.88145186129321,
        132.84825339658252,
        135.07442069868546,
        142.75288111756285,
        113.5486305908288,
        177.88114929976655
      ]
    }
  ],
  "pointer_windows": [
    {
      "event_count": 60,
      "movement": {
        "velocity_mean": 273.379895576713,
        "velocity_stdev": 123.5548559156614,
        "acceleration_mean": 133.42358667019784,
        "curvature_mean": 0.3401159964949243,
        "path_efficiency": 0.7018125284055585,
        "total_distance": 1523.431795398942,
        "direction_changes": 0
      },
      "clicks": {
        "count": 0,
        "hold_stdev": 32.46866149368428,
        "overshoot_rate": 0.17265416404606496
      },
      "idle": {
        "count": 2,
        "mean_duration_ms": 1872.2135229655185
      }
    }
  ],
  "touch_windows": [],
  "sensor_windows": [],
  "scroll_windows": [],
  "credential_fields": [],
  "_demo_meta": {
    "auth_method": "legacy",
    "received_at": "2026-04-09T16:17:45.946Z"
  }
}