{
  "type": "behavioral",
  "header": {
    "batch_id": "b_mnro1e74_1",
    "session_id": "0ec76e1b-41e6-5234-2f90-55fd8bfb4144",
    "user_hash": "anonymous",
    "device_uuid": "demo-device-MacIntel",
    "sdk_version": "0.1.0-demo",
    "sdk_platform": "web",
    "sent_at": 1775750566432,
    "pulse_number": 1
  },
  "context": {
    "user_agent": "Mozilla/5.0 (Macintosh; Intel Mac OS X 10_15_7) AppleWebKit/537.36 (KHTML, like Gecko) Chrome/146.0.0.0 Safari/537.36",
    "hardware_concurrency": 12
  },
  "signals": {},
  "keystroke_windows": [
    {
      "zone_hit_counts": [
        3,
        0,
        1,
        4,
        2,
        0,
        0,
        0,
        2,
        0
      ],
      "zone_dwell_means": [
        133.2587848060907,
        122.79777063510775,
        97.25329537170455,
        97.14822182692599,
        108.52230650739486,
        123.91406624028723,
        125.91166847705577,
        105.02777896991626,
        124.98013111660497,
        135.43114239237752
      ],
      "zone_dwell_stdevs": [
        18.199574152198917,
        20.099878117988997,
        22.36654633626553,
        16.610266645919303,
        23.850209666660643,
        11.133565172438495,
        28.72542279340276,
        23.492417516864776,
        19.864711172420034,
        22.16434763641673
      ],
      "zone_flight_means": [
        146.11001513347978,
        114.29443440695559,
        102.47753559940107,
        158.86727942789193,
        161.32562222725227,
        170.56438142721424,
        101.03381536010468,
        104.66166558495837,
        171.75085328512938,
        133.0432479423214
      ]
    }
  ],
  "pointer_windows": [
    {
      "event_count": 3,
      "movement": {
        "velocity_mean": 239.92059054607853,
        "velocity_stdev": 76.57454592019441,
        "acceleration_mean": 288.329999227316,
        "curvature_mean": 0.21842653141124824,
        "path_efficiency": 0.9000367609570719,
        "total_distance": 1803.1738185214576,
        "direction_changes": 0
      },
      "clicks": {
        "count": 2,
        "hold_stdev": 33.51119138541149,
        "overshoot_rate": 0.0549024175901777
      },
      "idle": {
        "count": 1,
        "mean_duration_ms": 2438.378183397642
      }
    }
  ],
  "touch_windows": [],
  "sensor_windows": [],
  "scroll_windows": [],
  "credential_fields": [],
  "_demo_meta": {
    "auth_method": "legacy",
    "received_at": "2026-04-09T16:02:46.445Z"
  }
}