{
  "type": "behavioral",
  "header": {
    "batch_id": "b_mnroxj82_51",
    "session_id": "0ec76e1b-41e6-5234-2f90-55fd8bfb4144",
    "user_hash": "anonymous",
    "device_uuid": "demo-device-MacIntel",
    "sdk_version": "0.1.0-demo",
    "sdk_platform": "web",
    "sent_at": 1775752065938,
    "pulse_number": 51
  },
  "context": {
    "user_agent": "Mozilla/5.0 (Macintosh; Intel Mac OS X 10_15_7) AppleWebKit/537.36 (KHTML, like Gecko) Chrome/146.0.0.0 Safari/537.36",
    "hardware_concurrency": 12
  },
  "signals": {},
  "keystroke_windows": [
    {
      "zone_hit_counts": [
        0,
        3,
        1,
        1,
        0,
        0,
        3,
        4,
        3,
        0
      ],
      "zone_dwell_means": [
        139.70932195694667,
        109.8655066326979,
        125.3937107032855,
        126.80816981192666,
        100.08721753020245,
        115.58375773444399,
        123.6860141695232,
        108.9887113434623,
        83.84345310432403,
        91.22344534010935
      ],
      "zone_dwell_stdevs": [
        14.816693381048406,
        27.82937695719741,
        23.70866767161816,
        11.838041140998747,
        11.228298324082772,
        26.673450201903382,
        12.097876850866617,
        26.461051914827056,
        25.68275586920597,
        10.798527108101268
      ],
      "zone_flight_means": [
        102.14366693524684,
        143.35972372843543,
        162.64975798924127,
        142.3041882140913,
        114.80112610505626,
        115.59626135438252,
        112.36101496677765,
        138.35733878531647,
        168.51501971197158,
        126.06278617249544
      ]
    }
  ],
  "pointer_windows": [
    {
      "event_count": 100,
      "movement": {
        "velocity_mean": 487.94216535328496,
        "velocity_stdev": 143.93692837478028,
        "acceleration_mean": 279.5970926897421,
        "curvature_mean": 0.1512894013118613,
        "path_efficiency": 0.7942511675990869,
        "total_distance": 991.0935923488031,
        "direction_changes": 19
      },
      "clicks": {
        "count": 2,
        "hold_stdev": 15.575763477274567,
        "overshoot_rate": 0.03848192445684107
      },
      "idle": {
        "count": 2,
        "mean_duration_ms": 1138.4638600882138
      }
    }
  ],
  "touch_windows": [],
  "sensor_windows": [],
  "scroll_windows": [],
  "credential_fields": [],
  "_demo_meta": {
    "auth_method": "legacy",
    "received_at": "2026-04-09T16:27:45.956Z"
  }
}