{
  "type": "behavioral",
  "header": {
    "batch_id": "b_mnro9qql_14",
    "session_id": "0ec76e1b-41e6-5234-2f90-55fd8bfb4144",
    "user_hash": "anonymous",
    "device_uuid": "demo-device-MacIntel",
    "sdk_version": "0.1.0-demo",
    "sdk_platform": "web",
    "sent_at": 1775750955933,
    "pulse_number": 14
  },
  "context": {
    "user_agent": "Mozilla/5.0 (Macintosh; Intel Mac OS X 10_15_7) AppleWebKit/537.36 (KHTML, like Gecko) Chrome/146.0.0.0 Safari/537.36",
    "hardware_concurrency": 12
  },
  "signals": {},
  "keystroke_windows": [
    {
      "zone_hit_counts": [
        4,
        3,
        0,
        0,
        2,
        2,
        3,
        1,
        1,
        3
      ],
      "zone_dwell_means": [
        110.51678369593702,
        104.98301956208155,
        120.79862854038763,
        113.67914541577625,
        100.54237751266325,
        108.93076812349952,
        126.13624344425429,
        100.8929593776783,
        114.17518367381038,
        112.55951634373453
      ],
      "zone_dwell_stdevs": [
        11.467128044323665,
        19.56001983485358,
        25.2711072192592,
        11.401402290591257,
        23.955861590437937,
        12.379711922010666,
        13.107603155803977,
        27.709003895096977,
        26.598538964172977,
        13.260162397695765
      ],
      "zone_flight_means": [
        142.35035643901867,
        125.58600410547008,
        151.50417661445613,
        141.39748776209603,
        129.60262785870145,
        121.04496571552573,
        163.72163859265487,
        146.98827795507628,
        152.44600129774113,
        109.43319337775236
      ]
    }
  ],
  "pointer_windows": [
    {
      "event_count": 29,
      "movement": {
        "velocity_mean": 448.27715286484124,
        "velocity_stdev": 140.93045801183177,
        "acceleration_mean": 124.41171753890592,
        "curvature_mean": 0.3834245441640639,
        "path_efficiency": 0.9403195223444969,
        "total_distance": 2443.4671967621516,
        "direction_changes": 8
      },
      "clicks": {
        "count": 2,
        "hold_stdev": 16.15458981385222,
        "overshoot_rate": 0.15521263688341322
      },
      "idle": {
        "count": 2,
        "mean_duration_ms": 1697.8597478311199
      }
    }
  ],
  "touch_windows": [],
  "sensor_windows": [],
  "scroll_windows": [],
  "credential_fields": [],
  "_demo_meta": {
    "auth_method": "legacy",
    "received_at": "2026-04-09T16:09:15.941Z"
  }
}