{
  "type": "behavioral",
  "header": {
    "batch_id": "b_mnrose1b_43",
    "session_id": "0ec76e1b-41e6-5234-2f90-55fd8bfb4144",
    "user_hash": "anonymous",
    "device_uuid": "demo-device-MacIntel",
    "sdk_version": "0.1.0-demo",
    "sdk_platform": "web",
    "sent_at": 1775751825935,
    "pulse_number": 43
  },
  "context": {
    "user_agent": "Mozilla/5.0 (Macintosh; Intel Mac OS X 10_15_7) AppleWebKit/537.36 (KHTML, like Gecko) Chrome/146.0.0.0 Safari/537.36",
    "hardware_concurrency": 12
  },
  "signals": {},
  "keystroke_windows": [
    {
      "zone_hit_counts": [
        4,
        0,
        1,
        1,
        4,
        4,
        4,
        0,
        2,
        4
      ],
      "zone_dwell_means": [
        131.46334858708974,
        103.46497665888593,
        126.99807584243251,
        106.37516896822446,
        103.63710209408866,
        89.89575820490815,
        97.87923092716255,
        118.2918631804369,
        86.45390820654896,
        90.29235672940544
      ],
      "zone_dwell_stdevs": [
        16.18545765297717,
        12.788898925590173,
        13.55421624059759,
        10.804092758801785,
        16.382812010613875,
        18.79754821021448,
        21.151491251529272,
        12.21776006047401,
        28.26265180646909,
        13.139384618810565
      ],
      "zone_flight_means": [
        173.47437563035837,
        122.92006106449878,
        106.52529497285576,
        143.40423823846086,
        153.36046923829574,
        139.0820612496381,
        170.31845074759315,
        153.8898704010221,
        153.2439387933593,
        175.18176980693883
      ]
    }
  ],
  "pointer_windows": [
    {
      "event_count": 86,
      "movement": {
        "velocity_mean": 297.2262799032194,
        "velocity_stdev": 136.44164219289536,
        "acceleration_mean": 107.03169058436038,
        "curvature_mean": 0.3070672320550587,
        "path_efficiency": 0.7943363942650973,
        "total_distance": 1981.654714590451,
        "direction_changes": 0
      },
      "clicks": {
        "count": 0,
        "hold_stdev": 34.70303821896544,
        "overshoot_rate": 0.16879337088490884
      },
      "idle": {
        "count": 2,
        "mean_duration_ms": 1902.3910250531374
      }
    }
  ],
  "touch_windows": [],
  "sensor_windows": [],
  "scroll_windows": [],
  "credential_fields": [],
  "_demo_meta": {
    "auth_method": "legacy",
    "received_at": "2026-04-09T16:23:45.950Z"
  }
}