{
  "type": "behavioral",
  "header": {
    "batch_id": "b_mnro20yi_2",
    "session_id": "0ec76e1b-41e6-5234-2f90-55fd8bfb4144",
    "user_hash": "anonymous",
    "device_uuid": "demo-device-MacIntel",
    "sdk_version": "0.1.0-demo",
    "sdk_platform": "web",
    "sent_at": 1775750595930,
    "pulse_number": 2
  },
  "context": {
    "user_agent": "Mozilla/5.0 (Macintosh; Intel Mac OS X 10_15_7) AppleWebKit/537.36 (KHTML, like Gecko) Chrome/146.0.0.0 Safari/537.36",
    "hardware_concurrency": 12
  },
  "signals": {},
  "keystroke_windows": [
    {
      "zone_hit_counts": [
        1,
        2,
        1,
        0,
        1,
        0,
        3,
        3,
        0,
        0
      ],
      "zone_dwell_means": [
        116.63068281456134,
        113.72015377375496,
        132.97703225502474,
        115.5685428102122,
        103.75073327162707,
        98.37718367171563,
        96.4148285733716,
        118.93806953428006,
        86.47383487208907,
        82.87460992286513
      ],
      "zone_dwell_stdevs": [
        29.244260283355775,
        12.234224849723647,
        18.582807123714886,
        25.716198758879074,
        18.110490026962545,
        14.725257477563629,
        14.418709614686914,
        22.15370984290411,
        15.920126216784041,
        26.434538087597296
      ],
      "zone_flight_means": [
        101.75913322415424,
        179.28822761221085,
        111.4451868634633,
        123.41418817552758,
        128.7044927317436,
        140.01528602550144,
        169.01697425765298,
        119.63292025571005,
        123.92305954170236,
        120.64679342909145
      ]
    }
  ],
  "pointer_windows": [
    {
      "event_count": 4,
      "movement": {
        "velocity_mean": 223.65509381152614,
        "velocity_stdev": 112.34897121351932,
        "acceleration_mean": 162.8076250695894,
        "curvature_mean": 0.3426798318581144,
        "path_efficiency": 0.7859969442877295,
        "total_distance": 601.9103822222334,
        "direction_changes": 12
      },
      "clicks": {
        "count": 2,
        "hold_stdev": 33.22470822278005,
        "overshoot_rate": 0.05883946637370586
      },
      "idle": {
        "count": 2,
        "mean_duration_ms": 1600.8051103232337
      }
    }
  ],
  "touch_windows": [],
  "sensor_windows": [],
  "scroll_windows": [],
  "credential_fields": [],
  "_demo_meta": {
    "auth_method": "legacy",
    "received_at": "2026-04-09T16:03:15.943Z"
  }
}