{
  "type": "behavioral",
  "header": {
    "batch_id": "b_mnronvzy_36",
    "session_id": "0ec76e1b-41e6-5234-2f90-55fd8bfb4144",
    "user_hash": "anonymous",
    "device_uuid": "demo-device-MacIntel",
    "sdk_version": "0.1.0-demo",
    "sdk_platform": "web",
    "sent_at": 1775751615934,
    "pulse_number": 36
  },
  "context": {
    "user_agent": "Mozilla/5.0 (Macintosh; Intel Mac OS X 10_15_7) AppleWebKit/537.36 (KHTML, like Gecko) Chrome/146.0.0.0 Safari/537.36",
    "hardware_concurrency": 12
  },
  "signals": {},
  "keystroke_windows": [
    {
      "zone_hit_counts": [
        2,
        2,
        4,
        4,
        4,
        2,
        2,
        4,
        2,
        2
      ],
      "zone_dwell_means": [
        107.25332072069912,
        91.5049182424427,
        119.40083466899434,
        115.66829351052777,
        135.44754753338893,
        108.7304720822863,
        106.90099663696002,
        114.06504537760509,
        130.45018011413723,
        84.6889293199744
      ],
      "zone_dwell_stdevs": [
        10.227902624077574,
        12.205678940786328,
        17.21610237797085,
        19.793027071564904,
        23.000575270715252,
        23.79612333634671,
        22.606999047011406,
        19.868200900702107,
        16.996826034833767,
        21.997701513276375
      ],
      "zone_flight_means": [
        116.0851210852968,
        178.8636627243185,
        144.58268441113415,
        177.84389841598102,
        126.28898519335934,
        101.04086486413075,
        128.06588493686698,
        136.1946856335117,
        158.92335552941267,
        154.67950933702048
      ]
    }
  ],
  "pointer_windows": [
    {
      "event_count": 70,
      "movement": {
        "velocity_mean": 280.55293453083254,
        "velocity_stdev": 146.5803938682181,
        "acceleration_mean": 164.13508937030872,
        "curvature_mean": 0.40569003057038944,
        "path_efficiency": 0.8428501531307497,
        "total_distance": 1997.7809875395178,
        "direction_changes": 11
      },
      "clicks": {
        "count": 3,
        "hold_stdev": 35.15310952924369,
        "overshoot_rate": 0.2477773355927988
      },
      "idle": {
        "count": 0,
        "mean_duration_ms": 1194.6786856718454
      }
    }
  ],
  "touch_windows": [],
  "sensor_windows": [],
  "scroll_windows": [],
  "credential_fields": [],
  "_demo_meta": {
    "auth_method": "legacy",
    "received_at": "2026-04-09T16:20:15.949Z"
  }
}