{
  "type": "behavioral",
  "header": {
    "batch_id": "b_mnrohgiq_26",
    "session_id": "0ec76e1b-41e6-5234-2f90-55fd8bfb4144",
    "user_hash": "anonymous",
    "device_uuid": "demo-device-MacIntel",
    "sdk_version": "0.1.0-demo",
    "sdk_platform": "web",
    "sent_at": 1775751315938,
    "pulse_number": 26
  },
  "context": {
    "user_agent": "Mozilla/5.0 (Macintosh; Intel Mac OS X 10_15_7) AppleWebKit/537.36 (KHTML, like Gecko) Chrome/146.0.0.0 Safari/537.36",
    "hardware_concurrency": 12
  },
  "signals": {},
  "keystroke_windows": [
    {
      "zone_hit_counts": [
        0,
        0,
        2,
        1,
        3,
        1,
        2,
        3,
        3,
        4
      ],
      "zone_dwell_means": [
        112.80082704905277,
        136.0611684458014,
        122.18053521581463,
        128.43901412971195,
        125.57792908792207,
        101.82184494991296,
        81.14165080957741,
        117.04997516313432,
        133.97780549353377,
        90.08208658705286
      ],
      "zone_dwell_stdevs": [
        11.056019712189038,
        22.57514296603861,
        29.54970685106105,
        28.216010184414085,
        10.643840035772813,
        25.748044005656272,
        22.071178188589332,
        19.38765414782072,
        25.108735670782217,
        29.355406002238638
      ],
      "zone_flight_means": [
        162.72933355073815,
        124.11226769148564,
        167.8099473026303,
        142.07595837080586,
        140.10950271317472,
        153.25380626112144,
        177.1390324566765,
        133.15114804055062,
        119.08942959432926,
        155.0622998628129
      ]
    }
  ],
  "pointer_windows": [
    {
      "event_count": 48,
      "movement": {
        "velocity_mean": 427.6711336172043,
        "velocity_stdev": 92.29161265244346,
        "acceleration_mean": 140.69057834447636,
        "curvature_mean": 0.347571789030247,
        "path_efficiency": 0.6241288522731783,
        "total_distance": 1386.3918760118145,
        "direction_changes": 1
      },
      "clicks": {
        "count": 0,
        "hold_stdev": 19.445473303928036,
        "overshoot_rate": 0.13032951163527157
      },
      "idle": {
        "count": 2,
        "mean_duration_ms": 844.3695704340291
      }
    }
  ],
  "touch_windows": [],
  "sensor_windows": [],
  "scroll_windows": [],
  "credential_fields": [],
  "_demo_meta": {
    "auth_method": "legacy",
    "received_at": "2026-04-09T16:15:15.957Z"
  }
}