{
  "type": "behavioral",
  "header": {
    "batch_id": "b_mnro3yej_5",
    "session_id": "0ec76e1b-41e6-5234-2f90-55fd8bfb4144",
    "user_hash": "anonymous",
    "device_uuid": "demo-device-MacIntel",
    "sdk_version": "0.1.0-demo",
    "sdk_platform": "web",
    "sent_at": 1775750685931,
    "pulse_number": 5
  },
  "context": {
    "user_agent": "Mozilla/5.0 (Macintosh; Intel Mac OS X 10_15_7) AppleWebKit/537.36 (KHTML, like Gecko) Chrome/146.0.0.0 Safari/537.36",
    "hardware_concurrency": 12
  },
  "signals": {},
  "keystroke_windows": [
    {
      "zone_hit_counts": [
        3,
        1,
        2,
        2,
        1,
        4,
        2,
        1,
        1,
        1
      ],
      "zone_dwell_means": [
        99.58370215654108,
        124.26586579509603,
        95.16784658167629,
        94.48047952558443,
        123.70175912440376,
        122.05558734857777,
        81.46742886414718,
        96.9734690992798,
        82.19757880523652,
        111.81727013655617
      ],
      "zone_dwell_stdevs": [
        13.753403866060331,
        24.263826178240812,
        19.306073062395534,
        11.89474726640912,
        21.21834026230767,
        22.43195556125426,
        28.614884303078934,
        13.64013878176845,
        28.372408608840438,
        12.295597501307139
      ],
      "zone_flight_means": [
        172.82758259548473,
        144.77239267393412,
        106.54497559072391,
        101.26978388468687,
        109.88682923776861,
        146.91038633375373,
        161.11547034811323,
        175.4483483733827,
        170.80526755343917,
        134.24978720297136
      ]
    }
  ],
  "pointer_windows": [
    {
      "event_count": 7,
      "movement": {
        "velocity_mean": 271.3706730925996,
        "velocity_stdev": 94.60090823122763,
        "acceleration_mean": 237.50330198191074,
        "curvature_mean": 0.3582414434303983,
        "path_efficiency": 0.9234096037683237,
        "total_distance": 1675.8712109151802,
        "direction_changes": 12
      },
      "clicks": {
        "count": 2,
        "hold_stdev": 23.07410388496136,
        "overshoot_rate": 0.08435550239382737
      },
      "idle": {
        "count": 2,
        "mean_duration_ms": 2298.933417219562
      }
    }
  ],
  "touch_windows": [],
  "sensor_windows": [],
  "scroll_windows": [],
  "credential_fields": [],
  "_demo_meta": {
    "auth_method": "legacy",
    "received_at": "2026-04-09T16:04:45.946Z"
  }
}