{
  "type": "behavioral",
  "header": {
    "batch_id": "b_mnrp03tf_55",
    "session_id": "0ec76e1b-41e6-5234-2f90-55fd8bfb4144",
    "user_hash": "anonymous",
    "device_uuid": "demo-device-MacIntel",
    "sdk_version": "0.1.0-demo",
    "sdk_platform": "web",
    "sent_at": 1775752185939,
    "pulse_number": 55
  },
  "context": {
    "user_agent": "Mozilla/5.0 (Macintosh; Intel Mac OS X 10_15_7) AppleWebKit/537.36 (KHTML, like Gecko) Chrome/146.0.0.0 Safari/537.36",
    "hardware_concurrency": 12
  },
  "signals": {},
  "keystroke_windows": [
    {
      "zone_hit_counts": [
        2,
        1,
        4,
        0,
        0,
        0,
        1,
        0,
        1,
        2
      ],
      "zone_dwell_means": [
        116.75228280757364,
        87.55729240412943,
        100.47528568889331,
        121.90069328026689,
        92.46380758745704,
        97.8902316970693,
        127.65531958233322,
        138.23731111292534,
        82.26576665928035,
        104.57042730349812
      ],
      "zone_dwell_stdevs": [
        21.776900985997436,
        25.303684529851132,
        24.588717172829597,
        22.38569416046349,
        28.202726773935986,
        22.2840066556381,
        25.048381515121864,
        29.010531157961335,
        11.076722564714709,
        21.5730726235709
      ],
      "zone_flight_means": [
        117.4054639960574,
        130.52756972144368,
        163.0560839022001,
        113.52101136737807,
        139.154164075393,
        100.65548241539548,
        158.12418724625908,
        111.89379147593387,
        134.22070497847056,
        133.68664593815572
      ]
    }
  ],
  "pointer_windows": [
    {
      "event_count": 107,
      "movement": {
        "velocity_mean": 290.6203114272222,
        "velocity_stdev": 112.89769138602082,
        "acceleration_mean": 231.85217184460666,
        "curvature_mean": 0.1229552349186172,
        "path_efficiency": 0.8937293504391859,
        "total_distance": 1402.3365120277058,
        "direction_changes": 11
      },
      "clicks": {
        "count": 1,
        "hold_stdev": 18.480368658484743,
        "overshoot_rate": 0.039147565129353114
      },
      "idle": {
        "count": 0,
        "mean_duration_ms": 2461.6183863592278
      }
    }
  ],
  "touch_windows": [],
  "sensor_windows": [],
  "scroll_windows": [],
  "credential_fields": [],
  "_demo_meta": {
    "auth_method": "legacy",
    "received_at": "2026-04-09T16:29:45.957Z"
  }
}