{
  "type": "behavioral",
  "header": {
    "batch_id": "b_mnroww2q_50",
    "session_id": "0ec76e1b-41e6-5234-2f90-55fd8bfb4144",
    "user_hash": "anonymous",
    "device_uuid": "demo-device-MacIntel",
    "sdk_version": "0.1.0-demo",
    "sdk_platform": "web",
    "sent_at": 1775752035938,
    "pulse_number": 50
  },
  "context": {
    "user_agent": "Mozilla/5.0 (Macintosh; Intel Mac OS X 10_15_7) AppleWebKit/537.36 (KHTML, like Gecko) Chrome/146.0.0.0 Safari/537.36",
    "hardware_concurrency": 12
  },
  "signals": {},
  "keystroke_windows": [
    {
      "zone_hit_counts": [
        1,
        0,
        1,
        0,
        1,
        2,
        2,
        4,
        3,
        2
      ],
      "zone_dwell_means": [
        109.36835973534741,
        89.68221506632864,
        104.3852515156959,
        110.24638586751408,
        115.04712710657822,
        104.99229101218086,
        102.93977083281396,
        132.56112460927096,
        83.04956219278051,
        138.9778446537411
      ],
      "zone_dwell_stdevs": [
        13.102969617150247,
        26.133162510998577,
        13.348244390728215,
        26.6363081776098,
        10.508476157999917,
        10.684071116326878,
        19.82857111772821,
        22.012314454388253,
        20.22470557053822,
        19.15074927487317
      ],
      "zone_flight_means": [
        117.24948194078681,
        125.72336727271454,
        128.25702904060134,
        166.41652289005654,
        102.05524819309397,
        145.31164761452948,
        169.0423552499701,
        162.30280446593997,
        113.45808746731956,
        132.18424098846216
      ]
    }
  ],
  "pointer_windows": [
    {
      "event_count": 99,
      "movement": {
        "velocity_mean": 427.7551751046122,
        "velocity_stdev": 129.0894321697683,
        "acceleration_mean": 179.53892632463283,
        "curvature_mean": 0.37299240163976655,
        "path_efficiency": 0.7166885470596968,
        "total_distance": 537.0949191746854,
        "direction_changes": 4
      },
      "clicks": {
        "count": 4,
        "hold_stdev": 17.350968190136403,
        "overshoot_rate": 0.14497840318433045
      },
      "idle": {
        "count": 1,
        "mean_duration_ms": 1820.1415938988982
      }
    }
  ],
  "touch_windows": [],
  "sensor_windows": [],
  "scroll_windows": [],
  "credential_fields": [],
  "_demo_meta": {
    "auth_method": "legacy",
    "received_at": "2026-04-09T16:27:15.955Z"
  }
}