{
  "type": "behavioral",
  "header": {
    "batch_id": "b_mnromlp9_34",
    "session_id": "0ec76e1b-41e6-5234-2f90-55fd8bfb4144",
    "user_hash": "anonymous",
    "device_uuid": "demo-device-MacIntel",
    "sdk_version": "0.1.0-demo",
    "sdk_platform": "web",
    "sent_at": 1775751555933,
    "pulse_number": 34
  },
  "context": {
    "user_agent": "Mozilla/5.0 (Macintosh; Intel Mac OS X 10_15_7) AppleWebKit/537.36 (KHTML, like Gecko) Chrome/146.0.0.0 Safari/537.36",
    "hardware_concurrency": 12
  },
  "signals": {},
  "keystroke_windows": [
    {
      "zone_hit_counts": [
        3,
        1,
        1,
        1,
        4,
        3,
        3,
        2,
        3,
        2
      ],
      "zone_dwell_means": [
        85.78588144779398,
        101.70694007104959,
        97.07076563065155,
        101.89337322999046,
        96.54564758852989,
        115.8790709192826,
        123.88918172284792,
        113.84504011550794,
        114.06659556555314,
        122.54746164413737
      ],
      "zone_dwell_stdevs": [
        29.11800547990702,
        10.589301954793886,
        28.433468545614748,
        11.668818435030609,
        15.77118128818462,
        10.80390615592254,
        27.896270442618675,
        13.799379824608074,
        26.709786606494422,
        29.883913651660812
      ],
      "zone_flight_means": [
        105.0915631410252,
        123.26813365418295,
        107.1368371107131,
        131.3870200519198,
        130.0759239907215,
        127.7630652130094,
        102.04673715600073,
        157.72835534096356,
        111.5904662273918,
        103.16943800305047
      ]
    }
  ],
  "pointer_windows": [
    {
      "event_count": 65,
      "movement": {
        "velocity_mean": 248.19478149529147,
        "velocity_stdev": 114.63111078053427,
        "acceleration_mean": 267.75242636395643,
        "curvature_mean": 0.2600361937250927,
        "path_efficiency": 0.8319172730115075,
        "total_distance": 1077.4726966253932,
        "direction_changes": 4
      },
      "clicks": {
        "count": 4,
        "hold_stdev": 16.563367243631642,
        "overshoot_rate": 0.29474261281789677
      },
      "idle": {
        "count": 0,
        "mean_duration_ms": 1306.6995951775884
      }
    }
  ],
  "touch_windows": [],
  "sensor_windows": [],
  "scroll_windows": [],
  "credential_fields": [],
  "_demo_meta": {
    "auth_method": "legacy",
    "received_at": "2026-04-09T16:19:15.950Z"
  }
}