{
  "type": "behavioral",
  "header": {
    "batch_id": "b_mnroubhd_46",
    "session_id": "0ec76e1b-41e6-5234-2f90-55fd8bfb4144",
    "user_hash": "anonymous",
    "device_uuid": "demo-device-MacIntel",
    "sdk_version": "0.1.0-demo",
    "sdk_platform": "web",
    "sent_at": 1775751915937,
    "pulse_number": 46
  },
  "context": {
    "user_agent": "Mozilla/5.0 (Macintosh; Intel Mac OS X 10_15_7) AppleWebKit/537.36 (KHTML, like Gecko) Chrome/146.0.0.0 Safari/537.36",
    "hardware_concurrency": 12
  },
  "signals": {},
  "keystroke_windows": [
    {
      "zone_hit_counts": [
        3,
        1,
        1,
        1,
        4,
        0,
        2,
        2,
        1,
        2
      ],
      "zone_dwell_means": [
        113.0829405346614,
        80.99354801193412,
        96.72820907545307,
        133.52304361583333,
        107.1398742137131,
        86.02734959843832,
        130.41911214969315,
        117.47193240159632,
        89.40727858610836,
        138.75368515515336
      ],
      "zone_dwell_stdevs": [
        15.621194145364338,
        26.128691422538836,
        22.968329531077057,
        27.11922506769816,
        20.45190916951387,
        17.66402417269518,
        19.71211940051631,
        10.003888401345222,
        13.281501176366985,
        12.614493859101026
      ],
      "zone_flight_means": [
        156.52509456775547,
        155.91623435661003,
        148.26746626636435,
        160.2080319036384,
        154.91473647130556,
        114.86885783999156,
        168.99101126193028,
        131.7063978327297,
        108.95672425491979,
        159.94396417844047
      ]
    }
  ],
  "pointer_windows": [
    {
      "event_count": 88,
      "movement": {
        "velocity_mean": 374.1431733287027,
        "velocity_stdev": 126.35992694205825,
        "acceleration_mean": 282.11013728029616,
        "curvature_mean": 0.19589143213794913,
        "path_efficiency": 0.691986712280783,
        "total_distance": 1970.3554383279916,
        "direction_changes": 1
      },
      "clicks": {
        "count": 0,
        "hold_stdev": 10.413525067459636,
        "overshoot_rate": 0.14371542196355966
      },
      "idle": {
        "count": 0,
        "mean_duration_ms": 1615.1116273106772
      }
    }
  ],
  "touch_windows": [],
  "sensor_windows": [],
  "scroll_windows": [],
  "credential_fields": [],
  "_demo_meta": {
    "auth_method": "legacy",
    "received_at": "2026-04-09T16:25:16.034Z"
  }
}