{
  "type": "behavioral",
  "header": {
    "batch_id": "b_mnrozgo3_54",
    "session_id": "0ec76e1b-41e6-5234-2f90-55fd8bfb4144",
    "user_hash": "anonymous",
    "device_uuid": "demo-device-MacIntel",
    "sdk_version": "0.1.0-demo",
    "sdk_platform": "web",
    "sent_at": 1775752155939,
    "pulse_number": 54
  },
  "context": {
    "user_agent": "Mozilla/5.0 (Macintosh; Intel Mac OS X 10_15_7) AppleWebKit/537.36 (KHTML, like Gecko) Chrome/146.0.0.0 Safari/537.36",
    "hardware_concurrency": 12
  },
  "signals": {},
  "keystroke_windows": [
    {
      "zone_hit_counts": [
        0,
        3,
        4,
        4,
        1,
        0,
        2,
        0,
        0,
        2
      ],
      "zone_dwell_means": [
        125.04405729645819,
        98.01528913600674,
        91.31748361489865,
        99.8024376137644,
        85.18075572731931,
        82.67082062868406,
        136.25399957422226,
        131.24404607374873,
        99.33093182368133,
        88.88938734056624
      ],
      "zone_dwell_stdevs": [
        26.741568979637673,
        27.892637353391027,
        29.758281278341187,
        20.396064343493556,
        26.876072139777406,
        19.577951807331324,
        29.14105816120485,
        10.869484704779426,
        22.147139184086015,
        14.98534397756736
      ],
      "zone_flight_means": [
        111.98132507458638,
        100.09948826559878,
        105.88088776174891,
        144.31653493315972,
        152.76713215328965,
        147.98622606385726,
        140.86755372739415,
        167.6430241462176,
        123.77568220134663,
        178.57727558640994
      ]
    }
  ],
  "pointer_windows": [
    {
      "event_count": 107,
      "movement": {
        "velocity_mean": 498.0750603191189,
        "velocity_stdev": 128.4727367508528,
        "acceleration_mean": 273.29218226644525,
        "curvature_mean": 0.38981855601255044,
        "path_efficiency": 0.7593703646144503,
        "total_distance": 1895.3716778408923,
        "direction_changes": 1
      },
      "clicks": {
        "count": 3,
        "hold_stdev": 26.665043600147012,
        "overshoot_rate": 0.29904523637524966
      },
      "idle": {
        "count": 2,
        "mean_duration_ms": 575.810714610544
      }
    }
  ],
  "touch_windows": [],
  "sensor_windows": [],
  "scroll_windows": [],
  "credential_fields": [],
  "_demo_meta": {
    "auth_method": "legacy",
    "received_at": "2026-04-09T16:29:15.957Z"
  }
}