{
  "type": "behavioral",
  "header": {
    "batch_id": "b_mnrodlmo_20",
    "session_id": "0ec76e1b-41e6-5234-2f90-55fd8bfb4144",
    "user_hash": "anonymous",
    "device_uuid": "demo-device-MacIntel",
    "sdk_version": "0.1.0-demo",
    "sdk_platform": "web",
    "sent_at": 1775751135936,
    "pulse_number": 20
  },
  "context": {
    "user_agent": "Mozilla/5.0 (Macintosh; Intel Mac OS X 10_15_7) AppleWebKit/537.36 (KHTML, like Gecko) Chrome/146.0.0.0 Safari/537.36",
    "hardware_concurrency": 12
  },
  "signals": {},
  "keystroke_windows": [
    {
      "zone_hit_counts": [
        0,
        4,
        1,
        1,
        1,
        3,
        3,
        3,
        1,
        3
      ],
      "zone_dwell_means": [
        117.54328690024056,
        113.4796454384018,
        120.26077460825536,
        97.92563335342963,
        98.47794649809325,
        85.09181622556653,
        103.4938592774626,
        138.1454287774107,
        104.29320269923574,
        115.47250204183601
      ],
      "zone_dwell_stdevs": [
        26.97427312687351,
        20.728178700968208,
        24.94571921202143,
        15.809488094991135,
        25.3782588450726,
        21.674828445307,
        25.152275389053667,
        24.871843850497626,
        10.490736871759804,
        22.412845110289908
      ],
      "zone_flight_means": [
        113.21873119164601,
        172.58827502340517,
        171.9586995373814,
        110.7659395304959,
        178.29302574895593,
        119.63044752181816,
        167.64133289744396,
        145.68058938902496,
        106.24912594432479,
        139.00807369474236
      ]
    }
  ],
  "pointer_windows": [
    {
      "event_count": 36,
      "movement": {
        "velocity_mean": 370.7312885156104,
        "velocity_stdev": 67.48397089047431,
        "acceleration_mean": 114.11021882604848,
        "curvature_mean": 0.4378893825999266,
        "path_efficiency": 0.6474093565852086,
        "total_distance": 696.5045744720155,
        "direction_changes": 9
      },
      "clicks": {
        "count": 0,
        "hold_stdev": 13.067812434738997,
        "overshoot_rate": 0.2676837814378509
      },
      "idle": {
        "count": 0,
        "mean_duration_ms": 1667.4191771552005
      }
    }
  ],
  "touch_windows": [],
  "sensor_windows": [],
  "scroll_windows": [],
  "credential_fields": [],
  "_demo_meta": {
    "auth_method": "legacy",
    "received_at": "2026-04-09T16:12:15.953Z"
  }
}