{
  "type": "behavioral",
  "header": {
    "batch_id": "b_mnrofj2p_23",
    "session_id": "0ec76e1b-41e6-5234-2f90-55fd8bfb4144",
    "user_hash": "anonymous",
    "device_uuid": "demo-device-MacIntel",
    "sdk_version": "0.1.0-demo",
    "sdk_platform": "web",
    "sent_at": 1775751225937,
    "pulse_number": 23
  },
  "context": {
    "user_agent": "Mozilla/5.0 (Macintosh; Intel Mac OS X 10_15_7) AppleWebKit/537.36 (KHTML, like Gecko) Chrome/146.0.0.0 Safari/537.36",
    "hardware_concurrency": 12
  },
  "signals": {},
  "keystroke_windows": [
    {
      "zone_hit_counts": [
        1,
        4,
        0,
        2,
        4,
        2,
        3,
        2,
        3,
        3
      ],
      "zone_dwell_means": [
        85.01045874900423,
        126.35971931595468,
        89.86410290678009,
        101.3146637044985,
        138.44131982412216,
        120.84812596098197,
        82.21630071987003,
        110.44486610895993,
        100.06970509479605,
        123.13643391312225
      ],
      "zone_dwell_stdevs": [
        29.51750392474265,
        12.741138030360215,
        24.05777109025878,
        15.26925255862043,
        11.46151009671989,
        16.18685841508423,
        16.13230152047177,
        13.203763275338318,
        17.82666797085651,
        24.751807803716922
      ],
      "zone_flight_means": [
        111.39677689472865,
        104.90354928243791,
        176.84538445194022,
        140.21617269185572,
        103.54761589106614,
        144.4157124881245,
        179.77827565680033,
        141.17275166675338,
        131.86640853053711,
        107.59981415564684
      ]
    }
  ],
  "pointer_windows": [
    {
      "event_count": 42,
      "movement": {
        "velocity_mean": 428.87346505945607,
        "velocity_stdev": 82.25202153340759,
        "acceleration_mean": 147.32479013563233,
        "curvature_mean": 0.182337531850566,
        "path_efficiency": 0.6566109303271354,
        "total_distance": 1344.2294379573907,
        "direction_changes": 10
      },
      "clicks": {
        "count": 0,
        "hold_stdev": 11.748605597025808,
        "overshoot_rate": 0.11023373564241995
      },
      "idle": {
        "count": 0,
        "mean_duration_ms": 1310.8557948509138
      }
    }
  ],
  "touch_windows": [],
  "sensor_windows": [],
  "scroll_windows": [],
  "credential_fields": [],
  "_demo_meta": {
    "auth_method": "legacy",
    "received_at": "2026-04-09T16:13:45.954Z"
  }
}