{
  "type": "behavioral",
  "header": {
    "batch_id": "b_mnrooj5a_37",
    "session_id": "0ec76e1b-41e6-5234-2f90-55fd8bfb4144",
    "user_hash": "anonymous",
    "device_uuid": "demo-device-MacIntel",
    "sdk_version": "0.1.0-demo",
    "sdk_platform": "web",
    "sent_at": 1775751645934,
    "pulse_number": 37
  },
  "context": {
    "user_agent": "Mozilla/5.0 (Macintosh; Intel Mac OS X 10_15_7) AppleWebKit/537.36 (KHTML, like Gecko) Chrome/146.0.0.0 Safari/537.36",
    "hardware_concurrency": 12
  },
  "signals": {},
  "keystroke_windows": [
    {
      "zone_hit_counts": [
        0,
        3,
        3,
        0,
        1,
        3,
        2,
        1,
        2,
        0
      ],
      "zone_dwell_means": [
        115.82889697174623,
        138.35093234108666,
        121.82557572620078,
        92.62593675301022,
        80.70215584735783,
        88.1166985398647,
        97.86022986547644,
        116.66515052375367,
        139.65060601639507,
        126.1573024219932
      ],
      "zone_dwell_stdevs": [
        15.592724093899434,
        28.073045390780084,
        28.94689033644745,
        14.063460159675724,
        13.862826674745264,
        17.574587718923738,
        18.667475603616232,
        22.499765325261396,
        11.119997412218448,
        14.422703230888414
      ],
      "zone_flight_means": [
        119.57526133779278,
        124.53996809325402,
        171.1894686559054,
        159.66179217733466,
        173.6919111507929,
        167.81277999433257,
        148.81962474300616,
        109.16086068732072,
        108.63972345624242,
        166.53713619654815
      ]
    }
  ],
  "pointer_windows": [
    {
      "event_count": 72,
      "movement": {
        "velocity_mean": 328.2371536434922,
        "velocity_stdev": 83.90577132119301,
        "acceleration_mean": 250.13624353524906,
        "curvature_mean": 0.21429010038940102,
        "path_efficiency": 0.6768618562950631,
        "total_distance": 703.6595689181718,
        "direction_changes": 10
      },
      "clicks": {
        "count": 4,
        "hold_stdev": 23.622892752890298,
        "overshoot_rate": 0.09610033853620494
      },
      "idle": {
        "count": 1,
        "mean_duration_ms": 2258.984427139447
      }
    }
  ],
  "touch_windows": [],
  "sensor_windows": [],
  "scroll_windows": [],
  "credential_fields": [],
  "_demo_meta": {
    "auth_method": "legacy",
    "received_at": "2026-04-09T16:20:45.950Z"
  }
}