{
  "type": "behavioral",
  "header": {
    "batch_id": "b_mnrocyhb_19",
    "session_id": "0ec76e1b-41e6-5234-2f90-55fd8bfb4144",
    "user_hash": "anonymous",
    "device_uuid": "demo-device-MacIntel",
    "sdk_version": "0.1.0-demo",
    "sdk_platform": "web",
    "sent_at": 1775751105935,
    "pulse_number": 19
  },
  "context": {
    "user_agent": "Mozilla/5.0 (Macintosh; Intel Mac OS X 10_15_7) AppleWebKit/537.36 (KHTML, like Gecko) Chrome/146.0.0.0 Safari/537.36",
    "hardware_concurrency": 12
  },
  "signals": {},
  "keystroke_windows": [
    {
      "zone_hit_counts": [
        2,
        0,
        2,
        0,
        3,
        1,
        3,
        2,
        0,
        2
      ],
      "zone_dwell_means": [
        134.47294317260346,
        101.81191673023181,
        129.0771610270513,
        100.89554540046771,
        123.88499049889853,
        94.5945549469142,
        84.445267470451,
        96.90652418942673,
        116.3529231976081,
        91.37488495612023
      ],
      "zone_dwell_stdevs": [
        17.573910574249574,
        23.681906492147263,
        11.57591043044166,
        19.675414946208626,
        21.283838523466034,
        11.469006558424006,
        13.366688423899788,
        17.112399966007057,
        18.15931612150391,
        23.199225287638527
      ],
      "zone_flight_means": [
        177.9598972605566,
        151.72924615190956,
        117.92354119349902,
        168.4602370022323,
        159.27257641999086,
        107.3706372449679,
        133.80835603078327,
        103.31500358851058,
        146.8625838504816,
        175.08814181873487
      ]
    }
  ],
  "pointer_windows": [
    {
      "event_count": 34,
      "movement": {
        "velocity_mean": 257.11599719532467,
        "velocity_stdev": 83.68631404445347,
        "acceleration_mean": 150.2527033605225,
        "curvature_mean": 0.24336631571275832,
        "path_efficiency": 0.9389734385374631,
        "total_distance": 646.3996111957683,
        "direction_changes": 3
      },
      "clicks": {
        "count": 4,
        "hold_stdev": 16.57742212448658,
        "overshoot_rate": 0.2861826083084032
      },
      "idle": {
        "count": 0,
        "mean_duration_ms": 2294.4135795481498
      }
    }
  ],
  "touch_windows": [],
  "sensor_windows": [],
  "scroll_windows": [],
  "credential_fields": [],
  "_demo_meta": {
    "auth_method": "legacy",
    "received_at": "2026-04-09T16:11:45.946Z"
  }
}