{
  "type": "behavioral",
  "header": {
    "batch_id": "b_mnroytir_53",
    "session_id": "0ec76e1b-41e6-5234-2f90-55fd8bfb4144",
    "user_hash": "anonymous",
    "device_uuid": "demo-device-MacIntel",
    "sdk_version": "0.1.0-demo",
    "sdk_platform": "web",
    "sent_at": 1775752125939,
    "pulse_number": 53
  },
  "context": {
    "user_agent": "Mozilla/5.0 (Macintosh; Intel Mac OS X 10_15_7) AppleWebKit/537.36 (KHTML, like Gecko) Chrome/146.0.0.0 Safari/537.36",
    "hardware_concurrency": 12
  },
  "signals": {},
  "keystroke_windows": [
    {
      "zone_hit_counts": [
        3,
        0,
        1,
        1,
        4,
        1,
        1,
        2,
        1,
        1
      ],
      "zone_dwell_means": [
        109.41671906365296,
        113.52745228989217,
        138.08459590774717,
        98.99197033824026,
        80.15803823047796,
        116.29151172455943,
        132.57477837137716,
        94.17030359579584,
        135.87528061454836,
        139.65747689722164
      ],
      "zone_dwell_stdevs": [
        28.221390459472154,
        15.880605870788456,
        10.868349008510558,
        16.811367053605917,
        23.78667097634207,
        24.457196295427877,
        11.640637566641889,
        11.541375296374927,
        14.248817336348605,
        15.191534452176787
      ],
      "zone_flight_means": [
        150.39275128156396,
        133.6567421686471,
        163.77399480525645,
        166.05328012241188,
        108.3841710335247,
        105.11029544828244,
        134.5530262281271,
        173.56458141755135,
        101.90095580202814,
        165.69159826627168
      ]
    }
  ],
  "pointer_windows": [
    {
      "event_count": 105,
      "movement": {
        "velocity_mean": 437.24127987942563,
        "velocity_stdev": 137.15343294363987,
        "acceleration_mean": 114.38090818031432,
        "curvature_mean": 0.3300817787612836,
        "path_efficiency": 0.7836843967544134,
        "total_distance": 1918.8499543163412,
        "direction_changes": 16
      },
      "clicks": {
        "count": 0,
        "hold_stdev": 33.143474774513756,
        "overshoot_rate": 0.008033627794518305
      },
      "idle": {
        "count": 1,
        "mean_duration_ms": 2447.0931394807494
      }
    }
  ],
  "touch_windows": [],
  "sensor_windows": [],
  "scroll_windows": [],
  "credential_fields": [],
  "_demo_meta": {
    "auth_method": "legacy",
    "received_at": "2026-04-09T16:28:45.955Z"
  }
}