{
  "type": "behavioral",
  "header": {
    "batch_id": "b_mnrogtdd_25",
    "session_id": "0ec76e1b-41e6-5234-2f90-55fd8bfb4144",
    "user_hash": "anonymous",
    "device_uuid": "demo-device-MacIntel",
    "sdk_version": "0.1.0-demo",
    "sdk_platform": "web",
    "sent_at": 1775751285937,
    "pulse_number": 25
  },
  "context": {
    "user_agent": "Mozilla/5.0 (Macintosh; Intel Mac OS X 10_15_7) AppleWebKit/537.36 (KHTML, like Gecko) Chrome/146.0.0.0 Safari/537.36",
    "hardware_concurrency": 12
  },
  "signals": {},
  "keystroke_windows": [
    {
      "zone_hit_counts": [
        4,
        4,
        1,
        3,
        0,
        0,
        1,
        3,
        0,
        3
      ],
      "zone_dwell_means": [
        83.776086370657,
        106.678881698061,
        109.32909105389764,
        98.34809609756951,
        90.38593824410384,
        83.33456650868483,
        111.68761481610397,
        115.41009475840204,
        130.6370156152246,
        89.16806248360888
      ],
      "zone_dwell_stdevs": [
        13.282087026702563,
        29.258026942705342,
        16.311546533456568,
        27.268058031300313,
        19.884419308835483,
        23.577716245412173,
        28.237865959374115,
        26.019150294261895,
        22.820319528692703,
        29.342768485975707
      ],
      "zone_flight_means": [
        154.86174240859353,
        100.65553985063306,
        149.91165811490654,
        153.3208627629054,
        160.85386067371536,
        121.2855879959587,
        103.67610027554849,
        111.71052343020152,
        116.2820158019978,
        112.43124121876915
      ]
    }
  ],
  "pointer_windows": [
    {
      "event_count": 44,
      "movement": {
        "velocity_mean": 496.90526803232206,
        "velocity_stdev": 96.38431524476519,
        "acceleration_mean": 256.20200200426103,
        "curvature_mean": 0.17288234874337738,
        "path_efficiency": 0.8691065179809541,
        "total_distance": 1174.1711498049604,
        "direction_changes": 4
      },
      "clicks": {
        "count": 3,
        "hold_stdev": 20.218930282780537,
        "overshoot_rate": 0.10366001634859995
      },
      "idle": {
        "count": 0,
        "mean_duration_ms": 729.2245517812594
      }
    }
  ],
  "touch_windows": [],
  "sensor_windows": [],
  "scroll_windows": [],
  "credential_fields": [],
  "_demo_meta": {
    "auth_method": "legacy",
    "received_at": "2026-04-09T16:14:45.954Z"
  }
}