{
  "type": "behavioral",
  "header": {
    "batch_id": "b_mnrotoc0_45",
    "session_id": "0ec76e1b-41e6-5234-2f90-55fd8bfb4144",
    "user_hash": "anonymous",
    "device_uuid": "demo-device-MacIntel",
    "sdk_version": "0.1.0-demo",
    "sdk_platform": "web",
    "sent_at": 1775751885936,
    "pulse_number": 45
  },
  "context": {
    "user_agent": "Mozilla/5.0 (Macintosh; Intel Mac OS X 10_15_7) AppleWebKit/537.36 (KHTML, like Gecko) Chrome/146.0.0.0 Safari/537.36",
    "hardware_concurrency": 12
  },
  "signals": {},
  "keystroke_windows": [
    {
      "zone_hit_counts": [
        2,
        1,
        1,
        1,
        1,
        2,
        2,
        3,
        2,
        2
      ],
      "zone_dwell_means": [
        91.31107488660358,
        114.1873118087507,
        130.53808497329658,
        132.44608106116698,
        118.37245920843361,
        127.88712956584622,
        110.6150492562659,
        95.19421675640382,
        94.78446117251208,
        139.44369558362092
      ],
      "zone_dwell_stdevs": [
        17.31177185620433,
        20.982844395415654,
        26.765760421558994,
        26.715800847841315,
        10.551168840966117,
        17.986492708825917,
        20.839911358942636,
        12.111531342339333,
        20.062050982514336,
        12.145536633382811
      ],
      "zone_flight_means": [
        135.28916067467634,
        132.8378252914945,
        112.097097024948,
        132.3678459955287,
        159.69316012580217,
        103.99748580900946,
        109.26507055292811,
        140.65450017325688,
        162.59835797858165,
        119.19487928217484
      ]
    }
  ],
  "pointer_windows": [
    {
      "event_count": 87,
      "movement": {
        "velocity_mean": 388.83051370705493,
        "velocity_stdev": 84.81350005186508,
        "acceleration_mean": 213.7377227331065,
        "curvature_mean": 0.18642768885026775,
        "path_efficiency": 0.921156895475692,
        "total_distance": 2154.990465614789,
        "direction_changes": 12
      },
      "clicks": {
        "count": 4,
        "hold_stdev": 29.002723615313137,
        "overshoot_rate": 0.18518913894645503
      },
      "idle": {
        "count": 2,
        "mean_duration_ms": 726.2065601391062
      }
    }
  ],
  "touch_windows": [],
  "sensor_windows": [],
  "scroll_windows": [],
  "credential_fields": [],
  "_demo_meta": {
    "auth_method": "legacy",
    "received_at": "2026-04-09T16:24:45.952Z"
  }
}