{
  "type": "behavioral",
  "header": {
    "batch_id": "b_mnrmatlu_1",
    "session_id": "14ae93e3-6a67-7b61-8c23-f55e1c29a5e0",
    "user_hash": "anonymous",
    "device_uuid": "demo-device-MacIntel",
    "sdk_version": "0.1.0-demo",
    "sdk_platform": "web",
    "sent_at": 1775747647074,
    "pulse_number": 1
  },
  "context": {
    "user_agent": "Mozilla/5.0 (Macintosh; Intel Mac OS X 10_15_7) AppleWebKit/537.36 (KHTML, like Gecko) Chrome/147.0.0.0 Safari/537.36",
    "hardware_concurrency": 12
  },
  "signals": {},
  "keystroke_windows": [
    {
      "zone_hit_counts": [
        2,
        1,
        1,
        3,
        2,
        0,
        4,
        2,
        2,
        2
      ],
      "zone_dwell_means": [
        98.05919996095817,
        117.2701452084797,
        104.91042009945177,
        117.08283997114408,
        101.70628091324403,
        94.91716262198875,
        111.73494834130967,
        112.02872815345316,
        103.66361154298765,
        98.31505182254958
      ],
      "zone_dwell_stdevs": [
        27.69652108189446,
        29.28610882263304,
        20.870867890232063,
        19.57719527031894,
        13.846143988991887,
        27.076882455319627,
        21.646844858540476,
        27.466438161388684,
        17.618971233871363,
        25.66327626258218
      ],
      "zone_flight_means": [
        132.76696201693696,
        111.0311268662426,
        146.03181293107258,
        160.77032472234566,
        171.73869421347123,
        148.58428447021834,
        140.0797291738285,
        119.83647006751552,
        101.16293208623061,
        109.23335698688794
      ]
    }
  ],
  "pointer_windows": [
    {
      "event_count": 0,
      "movement": {
        "velocity_mean": 398.1135890711547,
        "velocity_stdev": 119.67090104142827,
        "acceleration_mean": 212.05290461838322,
        "curvature_mean": 0.11749687532484017,
        "path_efficiency": 0.6310418216954619,
        "total_distance": 954.7912317391533,
        "direction_changes": 17
      },
      "clicks": {
        "count": 2,
        "hold_stdev": 35.24548614057779,
        "overshoot_rate": 0.236436166275091
      },
      "idle": {
        "count": 1,
        "mean_duration_ms": 1411.2082241135433
      }
    }
  ],
  "touch_windows": [],
  "sensor_windows": [],
  "scroll_windows": [],
  "credential_fields": [],
  "_demo_meta": {
    "auth_method": "legacy",
    "received_at": "2026-04-09T15:14:07.102Z"
  }
}