{
  "type": "behavioral",
  "header": {
    "batch_id": "b_mnrqd29q_6",
    "session_id": "463ddf6f-bbf7-4113-ad2e-02afcf26a290",
    "user_hash": "anonymous",
    "device_uuid": "a8d4a644-646b-4094-a83f-5e671eac87c8",
    "sdk_version": "0.1.0-demo",
    "sdk_platform": "web",
    "sent_at": 1775754470078,
    "pulse_number": 6
  },
  "context": {
    "user_agent": "Mozilla/5.0 (Macintosh; Intel Mac OS X 10_15_7) AppleWebKit/537.36 (KHTML, like Gecko) Chrome/147.0.0.0 Safari/537.36",
    "hardware_concurrency": 12
  },
  "signals": {},
  "keystroke_windows": [
    {
      "zone_hit_counts": [
        0,
        1,
        3,
        6,
        0,
        1,
        0,
        0,
        0,
        0
      ],
      "zone_dwell_means": [
        0,
        4.700000001117587,
        5.066666666418314,
        5.433333332960804,
        0,
        3.399999998509884,
        0,
        0,
        0,
        0
      ],
      "zone_dwell_stdevs": [
        0,
        0,
        0.9672412089463817,
        0.7972173827721817,
        0,
        0,
        0,
        0,
        0,
        0
      ],
      "zone_flight_means": [
        0,
        277.09999999962747,
        439.2666666675359,
        376.7800000000745,
        0,
        364.40000000037253,
        0,
        0,
        0,
        0
      ]
    }
  ],
  "pointer_windows": [
    {
      "event_count": 18,
      "movement": {
        "velocity_mean": 0.2446480427436599,
        "velocity_stdev": 0.1342517489693126,
        "acceleration_mean": 0.0038281033924904935,
        "curvature_mean": 0,
        "path_efficiency": 0.6209261914024912,
        "total_distance": 131.04069494007697,
        "direction_changes": 8
      },
      "clicks": {
        "count": 1,
        "hold_stdev": 0,
        "overshoot_rate": 0
      },
      "idle": {
        "count": 0,
        "mean_duration_ms": 0
      }
    }
  ],
  "touch_windows": [],
  "scroll_windows": [],
  "sensor_windows": [],
  "credential_fields": [],
  "_demo_meta": {
    "auth_method": "legacy",
    "received_at": "2026-04-09T17:07:50.090Z"
  }
}