{
  "type": "behavioral",
  "header": {
    "batch_id": "b_mnrpo7se_1",
    "session_id": "7ce44943-2630-4a5d-d223-751db74936f8",
    "user_hash": "anonymous",
    "device_uuid": "demo-device-MacIntel",
    "sdk_version": "0.1.0-demo",
    "sdk_platform": "web",
    "sent_at": 1775753310830,
    "pulse_number": 1
  },
  "context": {
    "user_agent": "Mozilla/5.0 (Macintosh; Intel Mac OS X 10_15_7) AppleWebKit/537.36 (KHTML, like Gecko) Chrome/147.0.0.0 Safari/537.36",
    "hardware_concurrency": 12
  },
  "signals": {},
  "keystroke_windows": [
    {
      "zone_hit_counts": [
        0,
        4,
        2,
        4,
        2,
        4,
        2,
        2,
        3,
        0
      ],
      "zone_dwell_means": [
        127.33666420509718,
        91.73200042162722,
        113.64352447328466,
        111.5658302935703,
        101.56726838421088,
        121.36263793625112,
        116.2018276564797,
        107.69727474515038,
        86.47507250112737,
        90.20660262063524
      ],
      "zone_dwell_stdevs": [
        14.030160193424848,
        20.7506024622892,
        11.431803139072505,
        28.365651093002523,
        26.03474868003098,
        20.103537694995232,
        13.327714292827208,
        13.458374673545823,
        20.364032956814505,
        15.953631584391928
      ],
      "zone_flight_means": [
        114.78000192938696,
        119.42418355752474,
        139.4304173929302,
        117.37991971205743,
        135.123737865218,
        178.22645424476622,
        131.86904058127752,
        102.53932668241349,
        162.68889343520775,
        104.27391242887454
      ]
    }
  ],
  "pointer_windows": [
    {
      "event_count": 3,
      "movement": {
        "velocity_mean": 316.32299865290133,
        "velocity_stdev": 90.00096252076867,
        "acceleration_mean": 149.1432617632667,
        "curvature_mean": 0.22955897364699132,
        "path_efficiency": 0.8318671875718,
        "total_distance": 1100.89160334379,
        "direction_changes": 5
      },
      "clicks": {
        "count": 3,
        "hold_stdev": 33.29080580122306,
        "overshoot_rate": 0.09754335035689643
      },
      "idle": {
        "count": 2,
        "mean_duration_ms": 1375.7822158159179
      }
    }
  ],
  "touch_windows": [],
  "sensor_windows": [],
  "scroll_windows": [],
  "credential_fields": [],
  "_demo_meta": {
    "auth_method": "legacy",
    "received_at": "2026-04-09T16:48:31.045Z"
  }
}