{
  "type": "behavioral",
  "header": {
    "batch_id": "b_mnsgeqwg_5",
    "session_id": "83f68e39-1ee3-4b53-934d-eef761115e2a",
    "user_hash": "anonymous",
    "device_uuid": "e946ad92-8693-4ee6-b62c-298b55441564",
    "sdk_version": "0.1.0-demo",
    "sdk_platform": "web",
    "sent_at": 1775798218672,
    "pulse_number": 5
  },
  "context": {
    "user_agent": "Mozilla/5.0 (Macintosh; Intel Mac OS X 10_15_7) AppleWebKit/537.36 (KHTML, like Gecko) Chrome/146.0.0.0 Safari/537.36",
    "hardware_concurrency": 12
  },
  "signals": {},
  "keystroke_windows": [
    {
      "zone_hit_counts": [
        4,
        2,
        1,
        2,
        1,
        3,
        2,
        0,
        0,
        0
      ],
      "zone_dwell_means": [
        305.2249999998603,
        142.5,
        166.8000000002794,
        95.80000000004657,
        89.29999999981374,
        109.86666666654249,
        102,
        0,
        0,
        0
      ],
      "zone_dwell_stdevs": [
        310.4905423278363,
        22.5,
        0,
        21.49999999976717,
        0,
        20.066611295733175,
        0.5,
        0,
        0,
        0
      ],
      "zone_flight_means": [
        124.16666666682188,
        144.19999999995343,
        393.5,
        45.949999999953434,
        153.10000000009313,
        90.30000000012417,
        45.700000000186265,
        0,
        0,
        0
      ]
    }
  ],
  "pointer_windows": [
    {
      "event_count": 13,
      "movement": {
        "velocity_mean": 0.24872267152619024,
        "velocity_stdev": 0.20098806047129028,
        "acceleration_mean": 0.006401070912166808,
        "curvature_mean": 0,
        "path_efficiency": 0.8626685633676475,
        "total_distance": 62.816539644676,
        "direction_changes": 1
      },
      "clicks": {
        "count": 0,
        "hold_stdev": 0,
        "overshoot_rate": 0
      },
      "idle": {
        "count": 0,
        "mean_duration_ms": 0
      }
    }
  ],
  "touch_windows": [],
  "scroll_windows": [],
  "sensor_windows": [],
  "credential_fields": [],
  "_demo_meta": {
    "auth_method": "legacy",
    "received_at": "2026-04-10T05:16:58.686Z"
  }
}