{
  "type": "behavioral",
  "header": {
    "batch_id": "b_mnrpp21q_1",
    "session_id": "8b1bea48-64ae-0648-15d8-cde37746793b",
    "user_hash": "anonymous",
    "device_uuid": "demo-device-MacIntel",
    "sdk_version": "0.1.0-demo",
    "sdk_platform": "web",
    "sent_at": 1775753350046,
    "pulse_number": 1
  },
  "context": {
    "user_agent": "Mozilla/5.0 (Macintosh; Intel Mac OS X 10_15_7) AppleWebKit/537.36 (KHTML, like Gecko) Chrome/147.0.0.0 Safari/537.36",
    "hardware_concurrency": 12
  },
  "signals": {},
  "keystroke_windows": [
    {
      "zone_hit_counts": [
        0,
        3,
        1,
        1,
        3,
        2,
        0,
        0,
        3,
        2
      ],
      "zone_dwell_means": [
        108.03382041934054,
        112.3826845676069,
        127.9252616895721,
        136.844833045445,
        119.63973411195485,
        82.30667568977235,
        126.44505590096304,
        130.79751709702293,
        107.89125833849555,
        115.03858307642508
      ],
      "zone_dwell_stdevs": [
        12.375814915496054,
        11.588241371318187,
        11.776843359306252,
        15.518764893426626,
        27.3317786866519,
        28.76935000537437,
        28.344786545114122,
        28.865158622772604,
        19.556447448150877,
        16.206203034562414
      ],
      "zone_flight_means": [
        121.74205721975783,
        153.80504391870167,
        129.10194130523826,
        155.126537002416,
        177.16310965195524,
        125.68194358229127,
        161.8176322271126,
        171.83639981757523,
        116.64711814518881,
        125.53298962069904
      ]
    }
  ],
  "pointer_windows": [
    {
      "event_count": 1,
      "movement": {
        "velocity_mean": 300.3286102825608,
        "velocity_stdev": 76.26494451769896,
        "acceleration_mean": 110.13122500448719,
        "curvature_mean": 0.17563344895679528,
        "path_efficiency": 0.7323393636787187,
        "total_distance": 1475.945343701975,
        "direction_changes": 13
      },
      "clicks": {
        "count": 3,
        "hold_stdev": 36.62927882172359,
        "overshoot_rate": 0.1693192995613014
      },
      "idle": {
        "count": 0,
        "mean_duration_ms": 2006.663719206919
      }
    }
  ],
  "touch_windows": [],
  "sensor_windows": [],
  "scroll_windows": [],
  "credential_fields": [],
  "_demo_meta": {
    "auth_method": "legacy",
    "received_at": "2026-04-09T16:49:10.070Z"
  }
}