{
  "type": "behavioral",
  "header": {
    "batch_id": "b_mnrm8y33_20",
    "session_id": "9d22f116-3a2c-b6ea-832a-68b5144f726b",
    "user_hash": "anonymous",
    "device_uuid": "demo-device-MacIntel",
    "sdk_version": "0.1.0-demo",
    "sdk_platform": "web",
    "sent_at": 1775747559567,
    "pulse_number": 20
  },
  "context": {
    "user_agent": "Mozilla/5.0 (Macintosh; Intel Mac OS X 10_15_7) AppleWebKit/537.36 (KHTML, like Gecko) Chrome/147.0.0.0 Safari/537.36",
    "hardware_concurrency": 12
  },
  "signals": {},
  "keystroke_windows": [
    {
      "zone_hit_counts": [
        2,
        0,
        2,
        2,
        3,
        0,
        2,
        0,
        0,
        4
      ],
      "zone_dwell_means": [
        103.37710009350918,
        114.79614059597688,
        139.34858118651886,
        95.51540728943286,
        114.37536367272449,
        116.99016247935549,
        86.39816953032482,
        83.64518971989817,
        81.73001617827542,
        89.30608376506548
      ],
      "zone_dwell_stdevs": [
        26.858116621964776,
        28.355580015369092,
        10.517928483703397,
        24.336465328579834,
        21.519066211155803,
        24.65676516500168,
        19.31516454504586,
        14.782446640070807,
        28.829000437783527,
        13.070257748585965
      ],
      "zone_flight_means": [
        116.64121594434602,
        115.9524460288423,
        133.07292416785097,
        170.87844267795268,
        158.46534003972963,
        163.51610134663156,
        123.57034546262281,
        117.31697407767393,
        123.96706941534806,
        117.32960575129552
      ]
    }
  ],
  "pointer_windows": [
    {
      "event_count": 33,
      "movement": {
        "velocity_mean": 231.8830183861938,
        "velocity_stdev": 97.39540948450386,
        "acceleration_mean": 204.84461263552032,
        "curvature_mean": 0.48039569232141455,
        "path_efficiency": 0.6440238829862723,
        "total_distance": 997.5217999287895,
        "direction_changes": 9
      },
      "clicks": {
        "count": 1,
        "hold_stdev": 38.167197851272476,
        "overshoot_rate": 0.07808892578745794
      },
      "idle": {
        "count": 2,
        "mean_duration_ms": 2311.2720266530123
      }
    }
  ],
  "touch_windows": [],
  "sensor_windows": [],
  "scroll_windows": [],
  "credential_fields": [],
  "_demo_meta": {
    "auth_method": "legacy",
    "received_at": "2026-04-09T15:12:39.579Z"
  }
}