{
  "type": "behavioral",
  "header": {
    "batch_id": "b_mnrma27l_46",
    "session_id": "9d22f116-3a2c-b6ea-832a-68b5144f726b",
    "user_hash": "anonymous",
    "device_uuid": "demo-device-MacIntel",
    "sdk_version": "0.1.0-demo",
    "sdk_platform": "web",
    "sent_at": 1775747611569,
    "pulse_number": 46
  },
  "context": {
    "user_agent": "Mozilla/5.0 (Macintosh; Intel Mac OS X 10_15_7) AppleWebKit/537.36 (KHTML, like Gecko) Chrome/147.0.0.0 Safari/537.36",
    "hardware_concurrency": 12
  },
  "signals": {},
  "keystroke_windows": [
    {
      "zone_hit_counts": [
        2,
        2,
        4,
        2,
        1,
        4,
        3,
        0,
        1,
        1
      ],
      "zone_dwell_means": [
        127.57327414016362,
        126.75045469435099,
        138.95242217056867,
        122.92589082284967,
        84.27218395184687,
        130.99739436533986,
        134.37809437935658,
        92.37430092774414,
        82.98197090791624,
        121.24919109195852
      ],
      "zone_dwell_stdevs": [
        12.258325874634625,
        22.681587453907014,
        28.072138742715808,
        20.940365261585015,
        16.76385721539667,
        17.38230120580029,
        17.90535302156763,
        20.084401330582075,
        10.000176690072085,
        16.425743518771654
      ],
      "zone_flight_means": [
        157.2707315899562,
        118.80758029133506,
        129.78578260091973,
        159.41817898682683,
        100.09588589824398,
        175.505345446705,
        125.88946706413489,
        107.01169451072822,
        172.46991082332426,
        122.2721705746207
      ]
    }
  ],
  "pointer_windows": [
    {
      "event_count": 81,
      "movement": {
        "velocity_mean": 363.91948091192427,
        "velocity_stdev": 136.6730387890645,
        "acceleration_mean": 134.90497738388487,
        "curvature_mean": 0.30849579989778053,
        "path_efficiency": 0.8664467525926529,
        "total_distance": 1475.1597050302805,
        "direction_changes": 6
      },
      "clicks": {
        "count": 3,
        "hold_stdev": 36.048915442991365,
        "overshoot_rate": 0.06029756259115296
      },
      "idle": {
        "count": 1,
        "mean_duration_ms": 2245.3202701141217
      }
    }
  ],
  "touch_windows": [],
  "sensor_windows": [],
  "scroll_windows": [],
  "credential_fields": [],
  "_demo_meta": {
    "auth_method": "legacy",
    "received_at": "2026-04-09T15:13:31.577Z"
  }
}