{
  "type": "behavioral",
  "header": {
    "batch_id": "b_mnrm9f28_31",
    "session_id": "9d22f116-3a2c-b6ea-832a-68b5144f726b",
    "user_hash": "anonymous",
    "device_uuid": "demo-device-MacIntel",
    "sdk_version": "0.1.0-demo",
    "sdk_platform": "web",
    "sent_at": 1775747581568,
    "pulse_number": 31
  },
  "context": {
    "user_agent": "Mozilla/5.0 (Macintosh; Intel Mac OS X 10_15_7) AppleWebKit/537.36 (KHTML, like Gecko) Chrome/147.0.0.0 Safari/537.36",
    "hardware_concurrency": 12
  },
  "signals": {},
  "keystroke_windows": [
    {
      "zone_hit_counts": [
        1,
        4,
        0,
        3,
        4,
        1,
        4,
        4,
        2,
        1
      ],
      "zone_dwell_means": [
        96.06091372135907,
        83.08639269355226,
        112.23815503270069,
        135.96068315122972,
        117.8371017122407,
        88.60190013347028,
        92.21852910997143,
        99.0315049595721,
        111.71533318933137,
        102.70385357778892
      ],
      "zone_dwell_stdevs": [
        26.234328842250648,
        12.724050689191934,
        22.126466556450428,
        20.63734725353405,
        19.94438988817475,
        18.14415112946982,
        23.61000131114256,
        28.569905057201908,
        11.749503379959414,
        21.546824955033188
      ],
      "zone_flight_means": [
        140.66432071015,
        172.80882853408895,
        121.07179483238686,
        112.52145451955589,
        169.43262064973933,
        113.23484973020942,
        127.92840090871039,
        102.41526461381356,
        144.30741433734553,
        158.52299508984177
      ]
    }
  ],
  "pointer_windows": [
    {
      "event_count": 49,
      "movement": {
        "velocity_mean": 239.605322331641,
        "velocity_stdev": 123.17691020161375,
        "acceleration_mean": 137.31893470270452,
        "curvature_mean": 0.27898363506896073,
        "path_efficiency": 0.7847291417876274,
        "total_distance": 1868.7895344461533,
        "direction_changes": 0
      },
      "clicks": {
        "count": 3,
        "hold_stdev": 30.34227427839304,
        "overshoot_rate": 0.21915398978041623
      },
      "idle": {
        "count": 0,
        "mean_duration_ms": 792.1272092789318
      }
    }
  ],
  "touch_windows": [],
  "sensor_windows": [],
  "scroll_windows": [],
  "credential_fields": [],
  "_demo_meta": {
    "auth_method": "legacy",
    "received_at": "2026-04-09T15:13:01.580Z"
  }
}