{
  "type": "behavioral",
  "header": {
    "batch_id": "b_mnrm9dio_30",
    "session_id": "9d22f116-3a2c-b6ea-832a-68b5144f726b",
    "user_hash": "anonymous",
    "device_uuid": "demo-device-MacIntel",
    "sdk_version": "0.1.0-demo",
    "sdk_platform": "web",
    "sent_at": 1775747579568,
    "pulse_number": 30
  },
  "context": {
    "user_agent": "Mozilla/5.0 (Macintosh; Intel Mac OS X 10_15_7) AppleWebKit/537.36 (KHTML, like Gecko) Chrome/147.0.0.0 Safari/537.36",
    "hardware_concurrency": 12
  },
  "signals": {},
  "keystroke_windows": [
    {
      "zone_hit_counts": [
        1,
        1,
        0,
        0,
        2,
        4,
        1,
        0,
        2,
        2
      ],
      "zone_dwell_means": [
        104.90306976168057,
        119.51850999922047,
        125.55990565483917,
        86.34884602328148,
        135.835574522809,
        103.49279152717546,
        111.55644522200471,
        129.26726714418612,
        114.67040069155517,
        126.99565721077062
      ],
      "zone_dwell_stdevs": [
        12.430243254742997,
        23.61792064940331,
        27.88125966751293,
        29.73488515218579,
        29.44707417606489,
        11.377670516324802,
        26.36524253770759,
        13.616636530658749,
        25.343733966772028,
        13.177968015285668
      ],
      "zone_flight_means": [
        165.01344815212474,
        165.7986278531616,
        137.7576687675388,
        140.92235793083807,
        154.07570254431468,
        140.9143099592919,
        173.9259901337079,
        142.76107665420918,
        102.67096026470932,
        101.30667248733316
      ]
    }
  ],
  "pointer_windows": [
    {
      "event_count": 48,
      "movement": {
        "velocity_mean": 426.4960370182149,
        "velocity_stdev": 52.168002307270186,
        "acceleration_mean": 276.70377514348144,
        "curvature_mean": 0.1394231753395852,
        "path_efficiency": 0.9290466080912121,
        "total_distance": 2406.870159222267,
        "direction_changes": 10
      },
      "clicks": {
        "count": 4,
        "hold_stdev": 16.911184926346404,
        "overshoot_rate": 0.007688165881385666
      },
      "idle": {
        "count": 2,
        "mean_duration_ms": 1913.8634096577086
      }
    }
  ],
  "touch_windows": [],
  "sensor_windows": [],
  "scroll_windows": [],
  "credential_fields": [],
  "_demo_meta": {
    "auth_method": "legacy",
    "received_at": "2026-04-09T15:12:59.582Z"
  }
}