{
  "type": "behavioral",
  "header": {
    "batch_id": "b_mnrma5ao_48",
    "session_id": "9d22f116-3a2c-b6ea-832a-68b5144f726b",
    "user_hash": "anonymous",
    "device_uuid": "demo-device-MacIntel",
    "sdk_version": "0.1.0-demo",
    "sdk_platform": "web",
    "sent_at": 1775747615568,
    "pulse_number": 48
  },
  "context": {
    "user_agent": "Mozilla/5.0 (Macintosh; Intel Mac OS X 10_15_7) AppleWebKit/537.36 (KHTML, like Gecko) Chrome/147.0.0.0 Safari/537.36",
    "hardware_concurrency": 12
  },
  "signals": {},
  "keystroke_windows": [
    {
      "zone_hit_counts": [
        4,
        3,
        2,
        0,
        1,
        2,
        3,
        4,
        4,
        0
      ],
      "zone_dwell_means": [
        105.36107119768596,
        112.1425859903639,
        126.63984789106891,
        131.45017177801407,
        83.46530669453286,
        81.04991906923188,
        131.01789992427098,
        119.46268926953286,
        90.36387596675303,
        134.33646839135494
      ],
      "zone_dwell_stdevs": [
        21.162159137964522,
        17.620932259530917,
        23.992829030055226,
        24.582632715783937,
        21.640509409370786,
        26.87571997132166,
        28.880524945873553,
        26.305475581124686,
        29.185493062067827,
        16.844417314682843
      ],
      "zone_flight_means": [
        135.03519125570966,
        175.35706548521114,
        113.59036786731957,
        123.47557247693894,
        150.92915044736367,
        122.23556342490107,
        123.74439633698688,
        141.30079748496073,
        141.0717551691581,
        146.59678890962334
      ]
    }
  ],
  "pointer_windows": [
    {
      "event_count": 84,
      "movement": {
        "velocity_mean": 310.8889782804972,
        "velocity_stdev": 94.66510522982772,
        "acceleration_mean": 294.42713439135025,
        "curvature_mean": 0.468109722611159,
        "path_efficiency": 0.8260311334681387,
        "total_distance": 2054.6580154854673,
        "direction_changes": 13
      },
      "clicks": {
        "count": 1,
        "hold_stdev": 18.101940913208523,
        "overshoot_rate": 0.24817461277697894
      },
      "idle": {
        "count": 2,
        "mean_duration_ms": 986.3657310568033
      }
    }
  ],
  "touch_windows": [],
  "sensor_windows": [],
  "scroll_windows": [],
  "credential_fields": [],
  "_demo_meta": {
    "auth_method": "legacy",
    "received_at": "2026-04-09T15:13:35.584Z"
  }
}