{
  "type": "behavioral",
  "header": {
    "batch_id": "b_mnrm9w1d_42",
    "session_id": "9d22f116-3a2c-b6ea-832a-68b5144f726b",
    "user_hash": "anonymous",
    "device_uuid": "demo-device-MacIntel",
    "sdk_version": "0.1.0-demo",
    "sdk_platform": "web",
    "sent_at": 1775747603569,
    "pulse_number": 42
  },
  "context": {
    "user_agent": "Mozilla/5.0 (Macintosh; Intel Mac OS X 10_15_7) AppleWebKit/537.36 (KHTML, like Gecko) Chrome/147.0.0.0 Safari/537.36",
    "hardware_concurrency": 12
  },
  "signals": {},
  "keystroke_windows": [
    {
      "zone_hit_counts": [
        2,
        1,
        0,
        4,
        3,
        3,
        3,
        3,
        1,
        3
      ],
      "zone_dwell_means": [
        138.27591500044946,
        110.25927078573278,
        107.65612903583909,
        106.95741289877682,
        83.03078934698976,
        89.47836550407504,
        117.03602429011644,
        83.08676236343611,
        94.07461858535873,
        88.88581539413073
      ],
      "zone_dwell_stdevs": [
        17.37872957343287,
        24.69149708243139,
        19.83713000838422,
        26.73164099734662,
        26.644791320943106,
        17.270160596364672,
        26.51997667427493,
        14.059713441568691,
        18.68158416479492,
        13.870031646229942
      ],
      "zone_flight_means": [
        172.81028593329287,
        176.26695876574627,
        140.71197005988375,
        158.00281434010168,
        112.9532978731624,
        156.07552335938388,
        104.56058045434938,
        171.0479208961901,
        104.63242287520772,
        172.13227049837866
      ]
    }
  ],
  "pointer_windows": [
    {
      "event_count": 75,
      "movement": {
        "velocity_mean": 468.1944371471418,
        "velocity_stdev": 96.59836854384771,
        "acceleration_mean": 205.5831649018616,
        "curvature_mean": 0.16196017120015843,
        "path_efficiency": 0.7124149821035568,
        "total_distance": 639.3967054543714,
        "direction_changes": 6
      },
      "clicks": {
        "count": 3,
        "hold_stdev": 12.21219030765289,
        "overshoot_rate": 0.17921825976187086
      },
      "idle": {
        "count": 1,
        "mean_duration_ms": 580.1410551389386
      }
    }
  ],
  "touch_windows": [],
  "sensor_windows": [],
  "scroll_windows": [],
  "credential_fields": [],
  "_demo_meta": {
    "auth_method": "legacy",
    "received_at": "2026-04-09T15:13:23.585Z"
  }
}