{
  "type": "behavioral",
  "header": {
    "batch_id": "b_mnrm8lqn_12",
    "session_id": "9d22f116-3a2c-b6ea-832a-68b5144f726b",
    "user_hash": "anonymous",
    "device_uuid": "demo-device-MacIntel",
    "sdk_version": "0.1.0-demo",
    "sdk_platform": "web",
    "sent_at": 1775747543567,
    "pulse_number": 12
  },
  "context": {
    "user_agent": "Mozilla/5.0 (Macintosh; Intel Mac OS X 10_15_7) AppleWebKit/537.36 (KHTML, like Gecko) Chrome/147.0.0.0 Safari/537.36",
    "hardware_concurrency": 12
  },
  "signals": {},
  "keystroke_windows": [
    {
      "zone_hit_counts": [
        2,
        3,
        4,
        3,
        4,
        1,
        1,
        3,
        1,
        0
      ],
      "zone_dwell_means": [
        90.71846000761114,
        88.21499084368767,
        87.23049232181867,
        110.24346783537993,
        83.52107042151893,
        94.4147605033446,
        127.68466136482317,
        100.10788997417168,
        139.59134902836286,
        98.87842662434332
      ],
      "zone_dwell_stdevs": [
        27.226048798330304,
        16.27302159226624,
        24.56429189656429,
        21.5237696244577,
        26.31506674231121,
        26.711851408150384,
        28.71238508561698,
        25.394775174011578,
        24.05292301932543,
        17.424823194983823
      ],
      "zone_flight_means": [
        160.42622721931548,
        147.55441924919722,
        112.83322027844676,
        151.335850762823,
        163.41829120108494,
        119.19922721019303,
        141.3901985454923,
        118.86938995260216,
        166.07764108160936,
        157.25014562765259
      ]
    }
  ],
  "pointer_windows": [
    {
      "event_count": 15,
      "movement": {
        "velocity_mean": 221.27087198257234,
        "velocity_stdev": 115.2827357968152,
        "acceleration_mean": 118.52925985600642,
        "curvature_mean": 0.49350058813661757,
        "path_efficiency": 0.939525207472397,
        "total_distance": 2225.5297008692914,
        "direction_changes": 19
      },
      "clicks": {
        "count": 3,
        "hold_stdev": 13.639751167714183,
        "overshoot_rate": 0.13031462106821795
      },
      "idle": {
        "count": 1,
        "mean_duration_ms": 1063.370465608109
      }
    }
  ],
  "touch_windows": [],
  "sensor_windows": [],
  "scroll_windows": [],
  "credential_fields": [],
  "_demo_meta": {
    "auth_method": "legacy",
    "received_at": "2026-04-09T15:12:23.582Z"
  }
}