{
  "type": "behavioral",
  "header": {
    "batch_id": "b_mnrm9afk_28",
    "session_id": "9d22f116-3a2c-b6ea-832a-68b5144f726b",
    "user_hash": "anonymous",
    "device_uuid": "demo-device-MacIntel",
    "sdk_version": "0.1.0-demo",
    "sdk_platform": "web",
    "sent_at": 1775747575568,
    "pulse_number": 28
  },
  "context": {
    "user_agent": "Mozilla/5.0 (Macintosh; Intel Mac OS X 10_15_7) AppleWebKit/537.36 (KHTML, like Gecko) Chrome/147.0.0.0 Safari/537.36",
    "hardware_concurrency": 12
  },
  "signals": {},
  "keystroke_windows": [
    {
      "zone_hit_counts": [
        0,
        1,
        1,
        1,
        2,
        0,
        1,
        1,
        2,
        3
      ],
      "zone_dwell_means": [
        124.16555054880752,
        99.21837900303797,
        121.16826040408293,
        126.41016558734869,
        88.93463079466443,
        116.25047017172184,
        81.38597478716741,
        84.78816082258845,
        128.75770882540388,
        129.4708170889407
      ],
      "zone_dwell_stdevs": [
        25.212207441672646,
        12.13914241414978,
        17.819223521075607,
        18.94469766216818,
        24.817280012763664,
        23.762600673588935,
        29.80098982322233,
        25.23573302861294,
        28.1387588485282,
        29.717197048322895
      ],
      "zone_flight_means": [
        153.91984373027248,
        171.24068156080097,
        113.19401700576842,
        131.99926494755135,
        167.9921876415807,
        128.0919529944101,
        141.41676916641507,
        138.89644350330587,
        107.35414387062532,
        114.85193291595886
      ]
    }
  ],
  "pointer_windows": [
    {
      "event_count": 48,
      "movement": {
        "velocity_mean": 266.89575447349705,
        "velocity_stdev": 50.61494223698493,
        "acceleration_mean": 221.5732856772116,
        "curvature_mean": 0.11798770157109417,
        "path_efficiency": 0.9363819280926307,
        "total_distance": 908.0916067704499,
        "direction_changes": 9
      },
      "clicks": {
        "count": 4,
        "hold_stdev": 12.31218083523741,
        "overshoot_rate": 0.030800823317712677
      },
      "idle": {
        "count": 2,
        "mean_duration_ms": 1594.8972566110572
      }
    }
  ],
  "touch_windows": [],
  "sensor_windows": [],
  "scroll_windows": [],
  "credential_fields": [],
  "_demo_meta": {
    "auth_method": "legacy",
    "received_at": "2026-04-09T15:12:55.573Z"
  }
}