{
  "type": "behavioral",
  "header": {
    "batch_id": "b_mnrm9i5c_33",
    "session_id": "9d22f116-3a2c-b6ea-832a-68b5144f726b",
    "user_hash": "anonymous",
    "device_uuid": "demo-device-MacIntel",
    "sdk_version": "0.1.0-demo",
    "sdk_platform": "web",
    "sent_at": 1775747585568,
    "pulse_number": 33
  },
  "context": {
    "user_agent": "Mozilla/5.0 (Macintosh; Intel Mac OS X 10_15_7) AppleWebKit/537.36 (KHTML, like Gecko) Chrome/147.0.0.0 Safari/537.36",
    "hardware_concurrency": 12
  },
  "signals": {},
  "keystroke_windows": [
    {
      "zone_hit_counts": [
        3,
        1,
        2,
        0,
        0,
        2,
        3,
        2,
        1,
        3
      ],
      "zone_dwell_means": [
        99.20653584296343,
        125.54900988755035,
        105.55999985617778,
        128.26704582890508,
        110.8113851458549,
        82.87063314279536,
        100.21589032928695,
        83.04696655827806,
        118.47909180173622,
        135.73087702216054
      ],
      "zone_dwell_stdevs": [
        28.56447298099608,
        10.123274342728873,
        23.162373139981227,
        14.9703147293748,
        27.50779918413622,
        25.16966133201356,
        27.860798775666613,
        15.560763070712259,
        27.37913955309144,
        15.632881064252304
      ],
      "zone_flight_means": [
        104.18635175576837,
        158.73606586493548,
        117.84944088780915,
        170.90654082673237,
        158.50207516390452,
        136.09362111164165,
        116.85866874992266,
        137.89860506868567,
        143.21687486361247,
        128.0860003494796
      ]
    }
  ],
  "pointer_windows": [
    {
      "event_count": 53,
      "movement": {
        "velocity_mean": 444.1659568660599,
        "velocity_stdev": 85.39008924924028,
        "acceleration_mean": 152.34129957496356,
        "curvature_mean": 0.3335972705655291,
        "path_efficiency": 0.7782653737979102,
        "total_distance": 1680.2616963980545,
        "direction_changes": 2
      },
      "clicks": {
        "count": 2,
        "hold_stdev": 16.85755802422605,
        "overshoot_rate": 0.09350515084085843
      },
      "idle": {
        "count": 2,
        "mean_duration_ms": 1506.186537715987
      }
    }
  ],
  "touch_windows": [],
  "sensor_windows": [],
  "scroll_windows": [],
  "credential_fields": [],
  "_demo_meta": {
    "auth_method": "legacy",
    "received_at": "2026-04-09T15:13:05.585Z"
  }
}