{
  "type": "behavioral",
  "header": {
    "batch_id": "b_mnrm86b3_2",
    "session_id": "9d22f116-3a2c-b6ea-832a-68b5144f726b",
    "user_hash": "anonymous",
    "device_uuid": "demo-device-MacIntel",
    "sdk_version": "0.1.0-demo",
    "sdk_platform": "web",
    "sent_at": 1775747523567,
    "pulse_number": 2
  },
  "context": {
    "user_agent": "Mozilla/5.0 (Macintosh; Intel Mac OS X 10_15_7) AppleWebKit/537.36 (KHTML, like Gecko) Chrome/147.0.0.0 Safari/537.36",
    "hardware_concurrency": 12
  },
  "signals": {},
  "keystroke_windows": [
    {
      "zone_hit_counts": [
        3,
        0,
        2,
        0,
        0,
        1,
        4,
        2,
        1,
        0
      ],
      "zone_dwell_means": [
        80.13891084146017,
        127.90600593886852,
        119.00982680160396,
        119.96822373487157,
        115.59805933786929,
        106.06585379614715,
        118.37106581313195,
        106.41220737782483,
        97.91203859120529,
        126.5187278970038
      ],
      "zone_dwell_stdevs": [
        15.433604153770286,
        27.12835241274926,
        27.027849594424897,
        11.396337860827735,
        23.73695470228806,
        27.015801106700174,
        13.633947403070078,
        14.452803979086042,
        26.207831585975832,
        13.731426063884493
      ],
      "zone_flight_means": [
        143.2660682626859,
        162.80376008839406,
        159.20382034257352,
        132.49733520738744,
        144.1822164191128,
        113.65482440071817,
        118.81381875769857,
        104.15299399873585,
        125.79541670247261,
        140.83281765564905
      ]
    }
  ],
  "pointer_windows": [
    {
      "event_count": 2,
      "movement": {
        "velocity_mean": 399.0037630166834,
        "velocity_stdev": 141.8821422409689,
        "acceleration_mean": 251.11261605994412,
        "curvature_mean": 0.28941687960486706,
        "path_efficiency": 0.9442485235042306,
        "total_distance": 2416.559328095215,
        "direction_changes": 19
      },
      "clicks": {
        "count": 4,
        "hold_stdev": 33.563228248215935,
        "overshoot_rate": 0.16643166838165777
      },
      "idle": {
        "count": 0,
        "mean_duration_ms": 2487.530825317192
      }
    }
  ],
  "touch_windows": [],
  "sensor_windows": [],
  "scroll_windows": [],
  "credential_fields": [],
  "_demo_meta": {
    "auth_method": "legacy",
    "received_at": "2026-04-09T15:12:03.585Z"
  }
}