{
  "type": "behavioral",
  "header": {
    "batch_id": "b_mnrm9uht_41",
    "session_id": "9d22f116-3a2c-b6ea-832a-68b5144f726b",
    "user_hash": "anonymous",
    "device_uuid": "demo-device-MacIntel",
    "sdk_version": "0.1.0-demo",
    "sdk_platform": "web",
    "sent_at": 1775747601569,
    "pulse_number": 41
  },
  "context": {
    "user_agent": "Mozilla/5.0 (Macintosh; Intel Mac OS X 10_15_7) AppleWebKit/537.36 (KHTML, like Gecko) Chrome/147.0.0.0 Safari/537.36",
    "hardware_concurrency": 12
  },
  "signals": {},
  "keystroke_windows": [
    {
      "zone_hit_counts": [
        4,
        1,
        2,
        4,
        2,
        3,
        2,
        1,
        4,
        1
      ],
      "zone_dwell_means": [
        129.4323435494095,
        132.54572680660505,
        121.2958451366527,
        85.36424081899654,
        121.81054784335211,
        101.28230392352216,
        139.93614534315805,
        104.57490850045947,
        80.46299634995214,
        114.46555619912937
      ],
      "zone_dwell_stdevs": [
        13.735080907915563,
        12.211886645160009,
        17.94544336199696,
        25.532369219398536,
        12.884158455493708,
        14.999091199552286,
        19.906206394344164,
        10.092874193830514,
        18.15535331143523,
        28.527845533214165
      ],
      "zone_flight_means": [
        108.01674413916344,
        149.70178192545205,
        136.31795939822698,
        117.8207261797552,
        133.2731567467585,
        151.18963765385803,
        151.30140583587544,
        161.38890166167172,
        134.16396442698925,
        112.24669954952685
      ]
    }
  ],
  "pointer_windows": [
    {
      "event_count": 73,
      "movement": {
        "velocity_mean": 361.1048348089213,
        "velocity_stdev": 54.00525816163294,
        "acceleration_mean": 225.00614833670744,
        "curvature_mean": 0.4224700464633543,
        "path_efficiency": 0.8080633647046278,
        "total_distance": 957.2910450121612,
        "direction_changes": 2
      },
      "clicks": {
        "count": 2,
        "hold_stdev": 20.529844713330995,
        "overshoot_rate": 0.05269293595980227
      },
      "idle": {
        "count": 0,
        "mean_duration_ms": 2008.9480391678105
      }
    }
  ],
  "touch_windows": [],
  "sensor_windows": [],
  "scroll_windows": [],
  "credential_fields": [],
  "_demo_meta": {
    "auth_method": "legacy",
    "received_at": "2026-04-09T15:13:21.585Z"
  }
}