{
  "type": "behavioral",
  "header": {
    "batch_id": "b_mnrm8e0w_7",
    "session_id": "9d22f116-3a2c-b6ea-832a-68b5144f726b",
    "user_hash": "anonymous",
    "device_uuid": "demo-device-MacIntel",
    "sdk_version": "0.1.0-demo",
    "sdk_platform": "web",
    "sent_at": 1775747533568,
    "pulse_number": 7
  },
  "context": {
    "user_agent": "Mozilla/5.0 (Macintosh; Intel Mac OS X 10_15_7) AppleWebKit/537.36 (KHTML, like Gecko) Chrome/147.0.0.0 Safari/537.36",
    "hardware_concurrency": 12
  },
  "signals": {},
  "keystroke_windows": [
    {
      "zone_hit_counts": [
        1,
        1,
        0,
        3,
        3,
        4,
        3,
        2,
        3,
        3
      ],
      "zone_dwell_means": [
        133.47391659705244,
        136.12695883044873,
        84.02046038772252,
        92.72778957480969,
        129.89208682414937,
        127.1105421468101,
        109.72729733080429,
        125.66462962874951,
        84.73672523984564,
        116.71769162806825
      ],
      "zone_dwell_stdevs": [
        16.774229842768612,
        15.044827829441694,
        10.15484236274265,
        15.155345232948054,
        28.917941602449602,
        27.634131068116588,
        13.015807204976026,
        29.706595496544324,
        26.6873955722593,
        13.421244158525923
      ],
      "zone_flight_means": [
        144.92659784159179,
        134.40632799167764,
        117.73423472214333,
        123.33382129595648,
        147.26965432175714,
        127.16915153338641,
        149.67745664849787,
        113.29469574789184,
        106.72681368637603,
        122.10047350255105
      ]
    }
  ],
  "pointer_windows": [
    {
      "event_count": 7,
      "movement": {
        "velocity_mean": 370.4481825576555,
        "velocity_stdev": 104.77228469624882,
        "acceleration_mean": 156.27682974889285,
        "curvature_mean": 0.4085757058376237,
        "path_efficiency": 0.8574382508791168,
        "total_distance": 2114.575899980052,
        "direction_changes": 0
      },
      "clicks": {
        "count": 2,
        "hold_stdev": 23.390403036832915,
        "overshoot_rate": 0.26665945914310707
      },
      "idle": {
        "count": 0,
        "mean_duration_ms": 656.286402883347
      }
    }
  ],
  "touch_windows": [],
  "sensor_windows": [],
  "scroll_windows": [],
  "credential_fields": [],
  "_demo_meta": {
    "auth_method": "legacy",
    "received_at": "2026-04-09T15:12:13.575Z"
  }
}