{
  "type": "behavioral",
  "header": {
    "batch_id": "b_mnrm8wjj_19",
    "session_id": "9d22f116-3a2c-b6ea-832a-68b5144f726b",
    "user_hash": "anonymous",
    "device_uuid": "demo-device-MacIntel",
    "sdk_version": "0.1.0-demo",
    "sdk_platform": "web",
    "sent_at": 1775747557567,
    "pulse_number": 19
  },
  "context": {
    "user_agent": "Mozilla/5.0 (Macintosh; Intel Mac OS X 10_15_7) AppleWebKit/537.36 (KHTML, like Gecko) Chrome/147.0.0.0 Safari/537.36",
    "hardware_concurrency": 12
  },
  "signals": {},
  "keystroke_windows": [
    {
      "zone_hit_counts": [
        0,
        4,
        2,
        1,
        0,
        0,
        3,
        0,
        4,
        2
      ],
      "zone_dwell_means": [
        84.62335091747696,
        119.42046993906705,
        96.52327193212568,
        138.06750566355524,
        129.94099277510168,
        120.7809372244881,
        107.83172207423104,
        103.84302376829002,
        133.74930882959967,
        133.96468887234028
      ],
      "zone_dwell_stdevs": [
        14.196254137968506,
        10.654990031763308,
        11.566938886615713,
        17.47423846278975,
        14.02723990333679,
        25.550181613566544,
        21.710705771928943,
        22.36494972667939,
        25.331293871792973,
        23.46696736379897
      ],
      "zone_flight_means": [
        136.88506639952237,
        153.56739872090017,
        131.88459458372805,
        169.02060634454693,
        119.34138085444197,
        130.00616077363324,
        118.03210409636273,
        118.23762538661347,
        113.1492261094561,
        127.8002468836946
      ]
    }
  ],
  "pointer_windows": [
    {
      "event_count": 32,
      "movement": {
        "velocity_mean": 288.28480634188406,
        "velocity_stdev": 107.85339725138127,
        "acceleration_mean": 106.8307816839174,
        "curvature_mean": 0.1908930198219929,
        "path_efficiency": 0.8086335521699233,
        "total_distance": 2319.5026305349793,
        "direction_changes": 1
      },
      "clicks": {
        "count": 4,
        "hold_stdev": 10.058995976247052,
        "overshoot_rate": 0.27658092051004896
      },
      "idle": {
        "count": 2,
        "mean_duration_ms": 2108.3078873037584
      }
    }
  ],
  "touch_windows": [],
  "sensor_windows": [],
  "scroll_windows": [],
  "credential_fields": [],
  "_demo_meta": {
    "auth_method": "legacy",
    "received_at": "2026-04-09T15:12:37.582Z"
  }
}