{
  "type": "behavioral",
  "header": {
    "batch_id": "b_mnrm8fkg_8",
    "session_id": "9d22f116-3a2c-b6ea-832a-68b5144f726b",
    "user_hash": "anonymous",
    "device_uuid": "demo-device-MacIntel",
    "sdk_version": "0.1.0-demo",
    "sdk_platform": "web",
    "sent_at": 1775747535568,
    "pulse_number": 8
  },
  "context": {
    "user_agent": "Mozilla/5.0 (Macintosh; Intel Mac OS X 10_15_7) AppleWebKit/537.36 (KHTML, like Gecko) Chrome/147.0.0.0 Safari/537.36",
    "hardware_concurrency": 12
  },
  "signals": {},
  "keystroke_windows": [
    {
      "zone_hit_counts": [
        4,
        3,
        1,
        1,
        4,
        0,
        1,
        3,
        3,
        1
      ],
      "zone_dwell_means": [
        110.6105982811273,
        129.5497370258252,
        98.73351332441734,
        108.26416026327796,
        85.68936673384798,
        83.84382363897473,
        129.47649522893317,
        115.52716700962321,
        102.29403240426876,
        105.82419106542332
      ],
      "zone_dwell_stdevs": [
        13.410420758022596,
        26.1273552365082,
        18.931824708669808,
        17.838867301501985,
        25.771646133764236,
        16.232866889457814,
        15.138581429017467,
        23.06122724720101,
        12.025666641829213,
        14.717729488788226
      ],
      "zone_flight_means": [
        173.58518298634488,
        137.28719025243825,
        141.4077087015455,
        109.85103676700685,
        147.46062293077125,
        113.26992264521236,
        171.334365240409,
        129.03289001285765,
        151.4431340929433,
        101.91067459605631
      ]
    }
  ],
  "pointer_windows": [
    {
      "event_count": 7,
      "movement": {
        "velocity_mean": 496.38074738953003,
        "velocity_stdev": 62.853227275052525,
        "acceleration_mean": 165.27675254080305,
        "curvature_mean": 0.22706485960148443,
        "path_efficiency": 0.9333299355180635,
        "total_distance": 701.7139431785156,
        "direction_changes": 8
      },
      "clicks": {
        "count": 1,
        "hold_stdev": 13.497892752477744,
        "overshoot_rate": 0.19416732676642065
      },
      "idle": {
        "count": 2,
        "mean_duration_ms": 2313.307933252522
      }
    }
  ],
  "touch_windows": [],
  "sensor_windows": [],
  "scroll_windows": [],
  "credential_fields": [],
  "_demo_meta": {
    "auth_method": "legacy",
    "received_at": "2026-04-09T15:12:15.586Z"
  }
}