{
  "type": "behavioral",
  "header": {
    "batch_id": "b_mnrm8chb_6",
    "session_id": "9d22f116-3a2c-b6ea-832a-68b5144f726b",
    "user_hash": "anonymous",
    "device_uuid": "demo-device-MacIntel",
    "sdk_version": "0.1.0-demo",
    "sdk_platform": "web",
    "sent_at": 1775747531567,
    "pulse_number": 6
  },
  "context": {
    "user_agent": "Mozilla/5.0 (Macintosh; Intel Mac OS X 10_15_7) AppleWebKit/537.36 (KHTML, like Gecko) Chrome/147.0.0.0 Safari/537.36",
    "hardware_concurrency": 12
  },
  "signals": {},
  "keystroke_windows": [
    {
      "zone_hit_counts": [
        1,
        3,
        1,
        0,
        3,
        2,
        1,
        1,
        3,
        1
      ],
      "zone_dwell_means": [
        85.437927080968,
        127.35706070599454,
        82.97247516925903,
        131.537640316469,
        111.81324860574662,
        98.82619830286087,
        134.10949618270106,
        102.20142921387637,
        109.67706892933282,
        103.89689965000551
      ],
      "zone_dwell_stdevs": [
        28.05738925744492,
        15.371452015105898,
        22.356887463966626,
        15.283577085585371,
        28.628133023362864,
        29.127387497396153,
        15.419043888353375,
        11.13020842832187,
        24.575776880720184,
        29.453037240130012
      ],
      "zone_flight_means": [
        131.30175434930138,
        115.69088254244258,
        168.93029024471835,
        114.95724206806179,
        155.46870240229006,
        136.04149737592496,
        139.38720922289707,
        126.30333622879022,
        178.5227598687484,
        160.83525521945475
      ]
    }
  ],
  "pointer_windows": [
    {
      "event_count": 5,
      "movement": {
        "velocity_mean": 271.41526206686393,
        "velocity_stdev": 68.49091969530895,
        "acceleration_mean": 133.66847714799906,
        "curvature_mean": 0.30165784596586587,
        "path_efficiency": 0.7222464976130314,
        "total_distance": 1462.1860078050822,
        "direction_changes": 10
      },
      "clicks": {
        "count": 0,
        "hold_stdev": 13.648971760775346,
        "overshoot_rate": 0.27206467916685106
      },
      "idle": {
        "count": 1,
        "mean_duration_ms": 1185.7699471475985
      }
    }
  ],
  "touch_windows": [],
  "sensor_windows": [],
  "scroll_windows": [],
  "credential_fields": [],
  "_demo_meta": {
    "auth_method": "legacy",
    "received_at": "2026-04-09T15:12:11.579Z"
  }
}