{
  "type": "behavioral",
  "header": {
    "batch_id": "b_mnrm8na8_13",
    "session_id": "9d22f116-3a2c-b6ea-832a-68b5144f726b",
    "user_hash": "anonymous",
    "device_uuid": "demo-device-MacIntel",
    "sdk_version": "0.1.0-demo",
    "sdk_platform": "web",
    "sent_at": 1775747545568,
    "pulse_number": 13
  },
  "context": {
    "user_agent": "Mozilla/5.0 (Macintosh; Intel Mac OS X 10_15_7) AppleWebKit/537.36 (KHTML, like Gecko) Chrome/147.0.0.0 Safari/537.36",
    "hardware_concurrency": 12
  },
  "signals": {},
  "keystroke_windows": [
    {
      "zone_hit_counts": [
        2,
        1,
        3,
        1,
        3,
        2,
        2,
        2,
        1,
        0
      ],
      "zone_dwell_means": [
        128.32236186081394,
        123.06989552058481,
        113.80713755591012,
        133.15870102920567,
        82.3883513256459,
        119.73314615555833,
        125.41721642303159,
        107.37907854070833,
        113.68077858995528,
        120.61459221333665
      ],
      "zone_dwell_stdevs": [
        28.608980351824318,
        26.061578585837182,
        15.128240261672579,
        10.14361841339583,
        15.936590247247217,
        13.578160594762691,
        25.562482055662034,
        24.432087834759024,
        15.196409979705109,
        13.63592584848908
      ],
      "zone_flight_means": [
        135.54309331662688,
        108.85520066181763,
        104.83973811852427,
        110.5681484699962,
        136.12760897126734,
        105.35855503586147,
        130.85595344435023,
        121.14767112088242,
        136.00904877375507,
        172.46635831275375
      ]
    }
  ],
  "pointer_windows": [
    {
      "event_count": 18,
      "movement": {
        "velocity_mean": 424.3454836936492,
        "velocity_stdev": 144.7669016685835,
        "acceleration_mean": 207.3415467734491,
        "curvature_mean": 0.13333933354258312,
        "path_efficiency": 0.7892675996631245,
        "total_distance": 1933.806366016014,
        "direction_changes": 16
      },
      "clicks": {
        "count": 4,
        "hold_stdev": 36.42835704426113,
        "overshoot_rate": 0.20697291807676885
      },
      "idle": {
        "count": 1,
        "mean_duration_ms": 1574.3783347476237
      }
    }
  ],
  "touch_windows": [],
  "sensor_windows": [],
  "scroll_windows": [],
  "credential_fields": [],
  "_demo_meta": {
    "auth_method": "legacy",
    "received_at": "2026-04-09T15:12:25.580Z"
  }
}