{
  "type": "behavioral",
  "header": {
    "batch_id": "b_mnrm92ps_23",
    "session_id": "9d22f116-3a2c-b6ea-832a-68b5144f726b",
    "user_hash": "anonymous",
    "device_uuid": "demo-device-MacIntel",
    "sdk_version": "0.1.0-demo",
    "sdk_platform": "web",
    "sent_at": 1775747565568,
    "pulse_number": 23
  },
  "context": {
    "user_agent": "Mozilla/5.0 (Macintosh; Intel Mac OS X 10_15_7) AppleWebKit/537.36 (KHTML, like Gecko) Chrome/147.0.0.0 Safari/537.36",
    "hardware_concurrency": 12
  },
  "signals": {},
  "keystroke_windows": [
    {
      "zone_hit_counts": [
        1,
        3,
        1,
        2,
        0,
        1,
        1,
        4,
        0,
        3
      ],
      "zone_dwell_means": [
        133.51996365302548,
        123.82170507122484,
        114.26630591255017,
        92.65965911116169,
        103.89818017883066,
        96.20832406363827,
        118.73083893853749,
        117.40119279867312,
        125.60811199979888,
        115.4548367552851
      ],
      "zone_dwell_stdevs": [
        10.035882189017766,
        12.98608365431624,
        27.129965336092337,
        22.00500447663317,
        13.301049580689519,
        10.580171413393789,
        25.70298660861818,
        16.19203580831454,
        16.8792433830126,
        18.81372071900625
      ],
      "zone_flight_means": [
        165.32732160162885,
        172.4533793474028,
        101.9044596412988,
        178.25945988524728,
        103.28672324038637,
        127.37968189658184,
        176.0377542006512,
        109.80964139752645,
        160.6944027125561,
        141.13099691086822
      ]
    }
  ],
  "pointer_windows": [
    {
      "event_count": 38,
      "movement": {
        "velocity_mean": 317.28328682637436,
        "velocity_stdev": 89.50082700343343,
        "acceleration_mean": 256.73315000461275,
        "curvature_mean": 0.20041611729767939,
        "path_efficiency": 0.8146191832482785,
        "total_distance": 1139.5379983795674,
        "direction_changes": 15
      },
      "clicks": {
        "count": 4,
        "hold_stdev": 17.34219326022983,
        "overshoot_rate": 0.19545003748188697
      },
      "idle": {
        "count": 0,
        "mean_duration_ms": 967.2959512448411
      }
    }
  ],
  "touch_windows": [],
  "sensor_windows": [],
  "scroll_windows": [],
  "credential_fields": [],
  "_demo_meta": {
    "auth_method": "legacy",
    "received_at": "2026-04-09T15:12:45.582Z"
  }
}