{
  "type": "behavioral",
  "header": {
    "batch_id": "b_mnrm8tgf_17",
    "session_id": "9d22f116-3a2c-b6ea-832a-68b5144f726b",
    "user_hash": "anonymous",
    "device_uuid": "demo-device-MacIntel",
    "sdk_version": "0.1.0-demo",
    "sdk_platform": "web",
    "sent_at": 1775747553567,
    "pulse_number": 17
  },
  "context": {
    "user_agent": "Mozilla/5.0 (Macintosh; Intel Mac OS X 10_15_7) AppleWebKit/537.36 (KHTML, like Gecko) Chrome/147.0.0.0 Safari/537.36",
    "hardware_concurrency": 12
  },
  "signals": {},
  "keystroke_windows": [
    {
      "zone_hit_counts": [
        1,
        0,
        2,
        2,
        2,
        1,
        4,
        2,
        1,
        3
      ],
      "zone_dwell_means": [
        139.7884942270501,
        119.97001827730716,
        100.05864404667186,
        102.71250577502528,
        120.94142175437548,
        117.26033437877308,
        114.47993013621743,
        80.77912691688667,
        82.2598892387918,
        87.14076884377619
      ],
      "zone_dwell_stdevs": [
        29.21969861665468,
        24.756303119579158,
        12.032163321447037,
        15.176956308064277,
        12.112476985699722,
        14.32961081703411,
        13.23693048977892,
        27.41528530588116,
        13.418260941032234,
        29.488669297502287
      ],
      "zone_flight_means": [
        104.06815289763023,
        105.00655157795536,
        156.61723307509214,
        100.81284740654802,
        133.16934483433494,
        146.52096116507067,
        120.55781448967072,
        135.78353637927626,
        170.52469443397126,
        104.9407875578994
      ]
    }
  ],
  "pointer_windows": [
    {
      "event_count": 28,
      "movement": {
        "velocity_mean": 294.1889924357971,
        "velocity_stdev": 63.84658656860963,
        "acceleration_mean": 139.1622870280384,
        "curvature_mean": 0.30447189432048327,
        "path_efficiency": 0.6814966952689944,
        "total_distance": 1807.7078299413238,
        "direction_changes": 10
      },
      "clicks": {
        "count": 3,
        "hold_stdev": 24.47216053091737,
        "overshoot_rate": 0.1996801694535921
      },
      "idle": {
        "count": 0,
        "mean_duration_ms": 2366.783722000181
      }
    }
  ],
  "touch_windows": [],
  "sensor_windows": [],
  "scroll_windows": [],
  "credential_fields": [],
  "_demo_meta": {
    "auth_method": "legacy",
    "received_at": "2026-04-09T15:12:33.581Z"
  }
}