{
  "type": "behavioral",
  "header": {
    "batch_id": "b_mnrm9jow_34",
    "session_id": "9d22f116-3a2c-b6ea-832a-68b5144f726b",
    "user_hash": "anonymous",
    "device_uuid": "demo-device-MacIntel",
    "sdk_version": "0.1.0-demo",
    "sdk_platform": "web",
    "sent_at": 1775747587568,
    "pulse_number": 34
  },
  "context": {
    "user_agent": "Mozilla/5.0 (Macintosh; Intel Mac OS X 10_15_7) AppleWebKit/537.36 (KHTML, like Gecko) Chrome/147.0.0.0 Safari/537.36",
    "hardware_concurrency": 12
  },
  "signals": {},
  "keystroke_windows": [
    {
      "zone_hit_counts": [
        0,
        4,
        3,
        1,
        4,
        4,
        4,
        2,
        2,
        4
      ],
      "zone_dwell_means": [
        91.39884012402618,
        100.31908787304272,
        81.63582835077891,
        125.92973914862229,
        128.43755076604748,
        120.99091013319003,
        134.23494104757486,
        129.0063285518533,
        112.08412373923893,
        99.29996262769001
      ],
      "zone_dwell_stdevs": [
        24.518735281658756,
        15.501443452697545,
        24.109349618741945,
        28.029206922272053,
        10.87704737724257,
        10.204437098369503,
        22.01370807719992,
        26.362302808250973,
        22.59083115962241,
        27.14194290046247
      ],
      "zone_flight_means": [
        128.63540058736336,
        108.75554933370775,
        152.52156140061285,
        141.38806550701577,
        175.17623797772168,
        149.26727948605625,
        141.97837523226835,
        171.00215891497766,
        175.97689309158272,
        146.32153050749127
      ]
    }
  ],
  "pointer_windows": [
    {
      "event_count": 56,
      "movement": {
        "velocity_mean": 216.53390457011122,
        "velocity_stdev": 123.55165785670131,
        "acceleration_mean": 149.5719654736053,
        "curvature_mean": 0.19549192366228568,
        "path_efficiency": 0.8696002012519879,
        "total_distance": 1566.6713709238406,
        "direction_changes": 6
      },
      "clicks": {
        "count": 2,
        "hold_stdev": 27.748636835963648,
        "overshoot_rate": 0.03159416520329409
      },
      "idle": {
        "count": 1,
        "mean_duration_ms": 1181.11464616042
      }
    }
  ],
  "touch_windows": [],
  "sensor_windows": [],
  "scroll_windows": [],
  "credential_fields": [],
  "_demo_meta": {
    "auth_method": "legacy",
    "received_at": "2026-04-09T15:13:07.579Z"
  }
}