{
  "type": "behavioral",
  "header": {
    "batch_id": "b_mnrm8h3z_9",
    "session_id": "9d22f116-3a2c-b6ea-832a-68b5144f726b",
    "user_hash": "anonymous",
    "device_uuid": "demo-device-MacIntel",
    "sdk_version": "0.1.0-demo",
    "sdk_platform": "web",
    "sent_at": 1775747537567,
    "pulse_number": 9
  },
  "context": {
    "user_agent": "Mozilla/5.0 (Macintosh; Intel Mac OS X 10_15_7) AppleWebKit/537.36 (KHTML, like Gecko) Chrome/147.0.0.0 Safari/537.36",
    "hardware_concurrency": 12
  },
  "signals": {},
  "keystroke_windows": [
    {
      "zone_hit_counts": [
        1,
        4,
        3,
        4,
        4,
        0,
        4,
        2,
        3,
        3
      ],
      "zone_dwell_means": [
        82.98468561540784,
        106.70136250530426,
        91.37893234892178,
        103.96642335048139,
        128.43013470213907,
        99.89587488131917,
        124.38525967184785,
        111.14530225337005,
        89.44797483762024,
        128.2108376890468
      ],
      "zone_dwell_stdevs": [
        24.671950251300302,
        26.880778428492725,
        26.149594023030364,
        16.491103893859464,
        15.570363430823392,
        22.34950506957952,
        19.526288813724697,
        19.87611622852311,
        11.475462768847656,
        27.138696342267995
      ],
      "zone_flight_means": [
        108.7690868109364,
        143.95078107873178,
        137.14881005860798,
        106.54028690621088,
        114.20158545415777,
        165.99427962344765,
        109.64475187013987,
        125.27779598559697,
        108.09164018808461,
        153.28575978032757
      ]
    }
  ],
  "pointer_windows": [
    {
      "event_count": 7,
      "movement": {
        "velocity_mean": 490.73336508174583,
        "velocity_stdev": 139.51192314831363,
        "acceleration_mean": 164.06570234770084,
        "curvature_mean": 0.3251062796986095,
        "path_efficiency": 0.8588606685968634,
        "total_distance": 839.7436196372305,
        "direction_changes": 17
      },
      "clicks": {
        "count": 0,
        "hold_stdev": 10.633982100779827,
        "overshoot_rate": 0.22298584365832008
      },
      "idle": {
        "count": 1,
        "mean_duration_ms": 1678.9922995307427
      }
    }
  ],
  "touch_windows": [],
  "sensor_windows": [],
  "scroll_windows": [],
  "credential_fields": [],
  "_demo_meta": {
    "auth_method": "legacy",
    "received_at": "2026-04-09T15:12:17.586Z"
  }
}