{
  "type": "behavioral",
  "header": {
    "batch_id": "b_mnsg1jhd_8",
    "session_id": "c0dcb045-7d65-42ba-9bd1-93af8827d33e",
    "user_hash": "anonymous",
    "device_uuid": "e946ad92-8693-4ee6-b62c-298b55441564",
    "sdk_version": "0.1.0-demo",
    "sdk_platform": "web",
    "sent_at": 1775797602529,
    "pulse_number": 8
  },
  "context": {
    "user_agent": "Mozilla/5.0 (Macintosh; Intel Mac OS X 10_15_7) AppleWebKit/537.36 (KHTML, like Gecko) Chrome/146.0.0.0 Safari/537.36",
    "hardware_concurrency": 12
  },
  "signals": {},
  "keystroke_windows": [
    {
      "zone_hit_counts": [
        0,
        1,
        1,
        2,
        4,
        3,
        0,
        0,
        0,
        0
      ],
      "zone_dwell_means": [
        0,
        163.60000000009313,
        0,
        120,
        98.40000000002328,
        195.79999999996895,
        0,
        0,
        0,
        0
      ],
      "zone_dwell_stdevs": [
        0,
        0,
        0,
        15.800000000279391,
        22.961271741802022,
        75.11324783300864,
        0,
        0,
        0,
        0
      ],
      "zone_flight_means": [
        0,
        211,
        59.59999999962747,
        931.0500000000466,
        82.65000000002328,
        327.56666666657355,
        0,
        0,
        0,
        0
      ]
    }
  ],
  "pointer_windows": [
    {
      "event_count": 25,
      "movement": {
        "velocity_mean": 0.7409255862438676,
        "velocity_stdev": 0.7315641393583097,
        "acceleration_mean": 0.014359033582803184,
        "curvature_mean": 0,
        "path_efficiency": 0.8754937596447355,
        "total_distance": 351.58629685813855,
        "direction_changes": 5
      },
      "clicks": {
        "count": 1,
        "hold_stdev": 0,
        "overshoot_rate": 0
      },
      "idle": {
        "count": 0,
        "mean_duration_ms": 0
      }
    }
  ],
  "touch_windows": [],
  "scroll_windows": [],
  "sensor_windows": [],
  "credential_fields": [],
  "_demo_meta": {
    "auth_method": "legacy",
    "received_at": "2026-04-10T05:06:42.549Z"
  }
}