{
  "type": "behavioral",
  "header": {
    "batch_id": "b_mnsg1v21_11",
    "session_id": "c0dcb045-7d65-42ba-9bd1-93af8827d33e",
    "user_hash": "anonymous",
    "device_uuid": "e946ad92-8693-4ee6-b62c-298b55441564",
    "sdk_version": "0.1.0-demo",
    "sdk_platform": "web",
    "sent_at": 1775797617529,
    "pulse_number": 11
  },
  "context": {
    "user_agent": "Mozilla/5.0 (Macintosh; Intel Mac OS X 10_15_7) AppleWebKit/537.36 (KHTML, like Gecko) Chrome/146.0.0.0 Safari/537.36",
    "hardware_concurrency": 12
  },
  "signals": {},
  "keystroke_windows": [
    {
      "zone_hit_counts": [
        3,
        0,
        1,
        1,
        0,
        3,
        1,
        0,
        0,
        0
      ],
      "zone_dwell_means": [
        144.9999999998448,
        0,
        193,
        59.40000000037253,
        0,
        91.7666666667598,
        88.10000000009313,
        0,
        0,
        0
      ],
      "zone_dwell_stdevs": [
        61.36953641675433,
        0,
        0,
        0,
        0,
        17.656412118428808,
        0,
        0,
        0,
        0
      ],
      "zone_flight_means": [
        55.5,
        0,
        167,
        121.6999999997206,
        0,
        106.30000000004657,
        302,
        0,
        0,
        0
      ]
    }
  ],
  "pointer_windows": [
    {
      "event_count": 46,
      "movement": {
        "velocity_mean": 0.12930433586184523,
        "velocity_stdev": 0.16076271154205193,
        "acceleration_mean": 0.00383129372058374,
        "curvature_mean": 0,
        "path_efficiency": 0.5675166333218584,
        "total_distance": 144.34504185651858,
        "direction_changes": 11
      },
      "clicks": {
        "count": 4,
        "hold_stdev": 0,
        "overshoot_rate": 0
      },
      "idle": {
        "count": 1,
        "mean_duration_ms": 1596.5
      }
    }
  ],
  "touch_windows": [],
  "scroll_windows": [],
  "sensor_windows": [],
  "credential_fields": [],
  "_demo_meta": {
    "auth_method": "legacy",
    "received_at": "2026-04-10T05:06:57.553Z"
  }
}