{
  "type": "behavioral",
  "header": {
    "batch_id": "b_mnsg1r76_10",
    "session_id": "c0dcb045-7d65-42ba-9bd1-93af8827d33e",
    "user_hash": "anonymous",
    "device_uuid": "e946ad92-8693-4ee6-b62c-298b55441564",
    "sdk_version": "0.1.0-demo",
    "sdk_platform": "web",
    "sent_at": 1775797612530,
    "pulse_number": 10
  },
  "context": {
    "user_agent": "Mozilla/5.0 (Macintosh; Intel Mac OS X 10_15_7) AppleWebKit/537.36 (KHTML, like Gecko) Chrome/146.0.0.0 Safari/537.36",
    "hardware_concurrency": 12
  },
  "signals": {},
  "keystroke_windows": [
    {
      "zone_hit_counts": [
        0,
        0,
        2,
        1,
        0,
        0,
        1,
        1,
        0,
        0
      ],
      "zone_dwell_means": [
        0,
        0,
        117.60000000009313,
        179.39999999990687,
        0,
        0,
        72.39999999990687,
        92.5,
        0,
        0
      ],
      "zone_dwell_stdevs": [
        0,
        0,
        30.1999999997206,
        0,
        0,
        0,
        0,
        0,
        0,
        0
      ],
      "zone_flight_means": [
        0,
        0,
        135.3000000002794,
        0,
        0,
        0,
        269.60000000009313,
        44.6999999997206,
        0,
        0
      ]
    }
  ],
  "pointer_windows": [
    {
      "event_count": 62,
      "movement": {
        "velocity_mean": 0.1711158913157299,
        "velocity_stdev": 0.2317535607199097,
        "acceleration_mean": 0.005232645094466478,
        "curvature_mean": 0,
        "path_efficiency": 0.5311190575920042,
        "total_distance": 271.8570159142115,
        "direction_changes": 24
      },
      "clicks": {
        "count": 4,
        "hold_stdev": 0,
        "overshoot_rate": 0
      },
      "idle": {
        "count": 2,
        "mean_duration_ms": 1416
      }
    }
  ],
  "touch_windows": [],
  "scroll_windows": [],
  "sensor_windows": [],
  "credential_fields": [],
  "_demo_meta": {
    "auth_method": "legacy",
    "received_at": "2026-04-10T05:06:52.554Z"
  }
}