{
  "type": "behavioral",
  "header": {
    "batch_id": "b_mnsg1brm_6",
    "session_id": "c0dcb045-7d65-42ba-9bd1-93af8827d33e",
    "user_hash": "anonymous",
    "device_uuid": "e946ad92-8693-4ee6-b62c-298b55441564",
    "sdk_version": "0.1.0-demo",
    "sdk_platform": "web",
    "sent_at": 1775797592530,
    "pulse_number": 6
  },
  "context": {
    "user_agent": "Mozilla/5.0 (Macintosh; Intel Mac OS X 10_15_7) AppleWebKit/537.36 (KHTML, like Gecko) Chrome/146.0.0.0 Safari/537.36",
    "hardware_concurrency": 12
  },
  "signals": {},
  "keystroke_windows": [
    {
      "zone_hit_counts": [
        2,
        2,
        0,
        2,
        1,
        2,
        1,
        0,
        0,
        0
      ],
      "zone_dwell_means": [
        531.6499999999069,
        158.1500000001397,
        0,
        99.75,
        104.10000000009313,
        105.04999999981374,
        84.79999999981374,
        0,
        0,
        0
      ],
      "zone_dwell_stdevs": [
        365.75,
        35.849999999860316,
        0,
        6.75,
        0,
        14.350000000093187,
        0,
        0,
        0,
        0
      ],
      "zone_flight_means": [
        292.95000000018626,
        389.5999999998603,
        0,
        66.50000000023283,
        123.79999999981374,
        142.6500000001397,
        29.5,
        0,
        0,
        0
      ]
    }
  ],
  "pointer_windows": [
    {
      "event_count": 50,
      "movement": {
        "velocity_mean": 0.7338647085665361,
        "velocity_stdev": 0.7550693713036246,
        "acceleration_mean": 0.01581354657117276,
        "curvature_mean": 0,
        "path_efficiency": 0.878039223640053,
        "total_distance": 719.9357447911498,
        "direction_changes": 10
      },
      "clicks": {
        "count": 1,
        "hold_stdev": 0,
        "overshoot_rate": 0
      },
      "idle": {
        "count": 1,
        "mean_duration_ms": 584.8999999999069
      }
    }
  ],
  "touch_windows": [],
  "scroll_windows": [],
  "sensor_windows": [],
  "credential_fields": [],
  "_demo_meta": {
    "auth_method": "legacy",
    "received_at": "2026-04-10T05:06:32.552Z"
  }
}