{
  "type": "behavioral",
  "header": {
    "batch_id": "b_mnrp50nq_6",
    "session_id": "ca07b7a7-67cc-1523-7424-2872d87c6350",
    "user_hash": "anonymous",
    "device_uuid": "demo-device-MacIntel",
    "sdk_version": "0.1.0-demo",
    "sdk_platform": "web",
    "sent_at": 1775752415126,
    "pulse_number": 6
  },
  "context": {
    "user_agent": "Mozilla/5.0 (Macintosh; Intel Mac OS X 10_15_7) AppleWebKit/537.36 (KHTML, like Gecko) Chrome/146.0.0.0 Safari/537.36",
    "hardware_concurrency": 12
  },
  "signals": {},
  "keystroke_windows": [
    {
      "zone_hit_counts": [
        4,
        1,
        4,
        2,
        0,
        3,
        1,
        0,
        3,
        1
      ],
      "zone_dwell_means": [
        100.42308086097067,
        134.2433349435176,
        97.29110866977351,
        128.9306551746976,
        87.52497062317339,
        127.05414673532826,
        125.98697701868885,
        90.91768829050946,
        94.23641302498412,
        93.87815839506821
      ],
      "zone_dwell_stdevs": [
        13.040969721481135,
        26.940378855188996,
        20.876494211276217,
        20.621686452525473,
        12.35248058417962,
        21.315047270096706,
        25.695215593470294,
        16.017154128503943,
        14.271625760583134,
        28.127338908446312
      ],
      "zone_flight_means": [
        144.05028240128684,
        122.7089919235837,
        166.57826278705164,
        116.6016158942065,
        105.99053081707089,
        149.2501234477448,
        168.06606512098557,
        167.32036438904646,
        172.5183502750416,
        140.04703408042167
      ]
    }
  ],
  "pointer_windows": [
    {
      "event_count": 17,
      "movement": {
        "velocity_mean": 306.69324057906135,
        "velocity_stdev": 130.17706840988362,
        "acceleration_mean": 229.92723471578788,
        "curvature_mean": 0.4226975914972111,
        "path_efficiency": 0.7050733634899431,
        "total_distance": 667.2330265141973,
        "direction_changes": 8
      },
      "clicks": {
        "count": 4,
        "hold_stdev": 36.831647387856535,
        "overshoot_rate": 0.042099880532121034
      },
      "idle": {
        "count": 2,
        "mean_duration_ms": 901.5719233162567
      }
    }
  ],
  "touch_windows": [],
  "sensor_windows": [],
  "scroll_windows": [],
  "credential_fields": [],
  "_demo_meta": {
    "auth_method": "legacy",
    "received_at": "2026-04-09T16:33:35.157Z"
  }
}