{
  "type": "behavioral",
  "header": {
    "batch_id": "b_mnrp88ef_11",
    "session_id": "ca07b7a7-67cc-1523-7424-2872d87c6350",
    "user_hash": "anonymous",
    "device_uuid": "demo-device-MacIntel",
    "sdk_version": "0.1.0-demo",
    "sdk_platform": "web",
    "sent_at": 1775752565127,
    "pulse_number": 11
  },
  "context": {
    "user_agent": "Mozilla/5.0 (Macintosh; Intel Mac OS X 10_15_7) AppleWebKit/537.36 (KHTML, like Gecko) Chrome/146.0.0.0 Safari/537.36",
    "hardware_concurrency": 12
  },
  "signals": {},
  "keystroke_windows": [
    {
      "zone_hit_counts": [
        2,
        3,
        0,
        4,
        4,
        1,
        3,
        3,
        1,
        1
      ],
      "zone_dwell_means": [
        118.25012057293074,
        132.65223216513698,
        132.73225881330876,
        90.66260105657365,
        132.38889695125349,
        81.77900847368522,
        85.00732620668447,
        120.93448373163972,
        82.14737252460152,
        137.97084365042215
      ],
      "zone_dwell_stdevs": [
        13.772975785002991,
        13.719949486749021,
        18.750146471892492,
        17.139115082040774,
        21.523453370784676,
        20.422891543296068,
        21.68859567072954,
        29.26295256807454,
        27.053445612934382,
        23.79142817867712
      ],
      "zone_flight_means": [
        100.70135310300532,
        137.3042186290021,
        178.37011797703383,
        169.58102804647257,
        120.78678478188965,
        105.79868131960205,
        162.51743287130057,
        161.12688488752497,
        150.51373339854368,
        126.99077872056549
      ]
    }
  ],
  "pointer_windows": [
    {
      "event_count": 24,
      "movement": {
        "velocity_mean": 400.64039097672526,
        "velocity_stdev": 63.28859693914603,
        "acceleration_mean": 136.67141719561215,
        "curvature_mean": 0.42620264857931367,
        "path_efficiency": 0.7604736607501201,
        "total_distance": 1423.5785420879515,
        "direction_changes": 13
      },
      "clicks": {
        "count": 1,
        "hold_stdev": 39.7512040720342,
        "overshoot_rate": 0.26418703135778854
      },
      "idle": {
        "count": 0,
        "mean_duration_ms": 919.4347740472633
      }
    }
  ],
  "touch_windows": [],
  "sensor_windows": [],
  "scroll_windows": [],
  "credential_fields": [],
  "_demo_meta": {
    "auth_method": "legacy",
    "received_at": "2026-04-09T16:36:05.139Z"
  }
}