{
  "type": "behavioral",
  "header": {
    "batch_id": "b_mnrp6y3r_9",
    "session_id": "ca07b7a7-67cc-1523-7424-2872d87c6350",
    "user_hash": "anonymous",
    "device_uuid": "demo-device-MacIntel",
    "sdk_version": "0.1.0-demo",
    "sdk_platform": "web",
    "sent_at": 1775752505127,
    "pulse_number": 9
  },
  "context": {
    "user_agent": "Mozilla/5.0 (Macintosh; Intel Mac OS X 10_15_7) AppleWebKit/537.36 (KHTML, like Gecko) Chrome/146.0.0.0 Safari/537.36",
    "hardware_concurrency": 12
  },
  "signals": {},
  "keystroke_windows": [
    {
      "zone_hit_counts": [
        4,
        3,
        4,
        3,
        2,
        4,
        3,
        1,
        0,
        4
      ],
      "zone_dwell_means": [
        115.15497800556123,
        117.45473137750403,
        91.5797478780583,
        83.9178597679805,
        114.81031156067631,
        113.1400802398238,
        96.4603397163907,
        96.61604830819977,
        96.4719769914161,
        124.21039184334555
      ],
      "zone_dwell_stdevs": [
        11.881446598686708,
        16.13970247283423,
        17.391698883867676,
        15.828035498702393,
        20.20538738932196,
        15.074792352066515,
        19.220432717672388,
        10.787928616830513,
        18.014050289297124,
        14.943484965191411
      ],
      "zone_flight_means": [
        156.46455154535641,
        151.81271733195217,
        113.73156760203258,
        177.58055649729536,
        164.61352395043798,
        176.5143478535315,
        104.94154127709328,
        106.89908993959352,
        103.40033573539765,
        104.62338484906829
      ]
    }
  ],
  "pointer_windows": [
    {
      "event_count": 21,
      "movement": {
        "velocity_mean": 475.3184678532445,
        "velocity_stdev": 126.87376771802515,
        "acceleration_mean": 235.73185690880777,
        "curvature_mean": 0.48233795384775335,
        "path_efficiency": 0.8129065994442413,
        "total_distance": 1675.8611049485544,
        "direction_changes": 4
      },
      "clicks": {
        "count": 0,
        "hold_stdev": 35.431260937908476,
        "overshoot_rate": 0.01825219142407719
      },
      "idle": {
        "count": 2,
        "mean_duration_ms": 2391.895124875735
      }
    }
  ],
  "touch_windows": [],
  "sensor_windows": [],
  "scroll_windows": [],
  "credential_fields": [],
  "_demo_meta": {
    "auth_method": "legacy",
    "received_at": "2026-04-09T16:35:05.144Z"
  }
}