{
  "type": "behavioral",
  "header": {
    "batch_id": "b_mnrp8vjr_12",
    "session_id": "ca07b7a7-67cc-1523-7424-2872d87c6350",
    "user_hash": "anonymous",
    "device_uuid": "demo-device-MacIntel",
    "sdk_version": "0.1.0-demo",
    "sdk_platform": "web",
    "sent_at": 1775752595127,
    "pulse_number": 12
  },
  "context": {
    "user_agent": "Mozilla/5.0 (Macintosh; Intel Mac OS X 10_15_7) AppleWebKit/537.36 (KHTML, like Gecko) Chrome/146.0.0.0 Safari/537.36",
    "hardware_concurrency": 12
  },
  "signals": {},
  "keystroke_windows": [
    {
      "zone_hit_counts": [
        4,
        1,
        0,
        4,
        0,
        4,
        1,
        1,
        1,
        0
      ],
      "zone_dwell_means": [
        111.4252705017274,
        120.14559288853914,
        134.02013836101852,
        86.55315074695805,
        115.1733255421342,
        118.75490564256512,
        139.814295909718,
        105.31380851692512,
        105.57064294005974,
        101.48943826001653
      ],
      "zone_dwell_stdevs": [
        15.911488775545962,
        15.398335923644774,
        23.826190899486864,
        13.216015443110567,
        25.637369603783878,
        18.08161206126115,
        14.590396188735244,
        10.462038436894519,
        10.806152227132724,
        15.21587310626466
      ],
      "zone_flight_means": [
        175.43595764971485,
        149.8228544528572,
        143.7940704092519,
        166.06894616876917,
        160.59743305992566,
        127.9459006687791,
        118.27182155251963,
        124.16807575898036,
        118.40617984190209,
        133.21711053076066
      ]
    }
  ],
  "pointer_windows": [
    {
      "event_count": 24,
      "movement": {
        "velocity_mean": 357.6459638825677,
        "velocity_stdev": 50.32174491058284,
        "acceleration_mean": 217.25251416586016,
        "curvature_mean": 0.3286264891141927,
        "path_efficiency": 0.7692926973244765,
        "total_distance": 970.3046504388855,
        "direction_changes": 14
      },
      "clicks": {
        "count": 3,
        "hold_stdev": 10.870684832581087,
        "overshoot_rate": 0.09007759167554281
      },
      "idle": {
        "count": 1,
        "mean_duration_ms": 2003.04903707837
      }
    }
  ],
  "touch_windows": [],
  "sensor_windows": [],
  "scroll_windows": [],
  "credential_fields": [],
  "_demo_meta": {
    "auth_method": "legacy",
    "received_at": "2026-04-09T16:36:35.144Z"
  }
}