{
  "type": "behavioral",
  "header": {
    "batch_id": "b_mnsg078v_13",
    "session_id": "cd9d1a2a-e62a-4029-a33d-b5917575b4ec",
    "user_hash": "anonymous",
    "device_uuid": "311a80a2-f09d-4c12-8408-3cb4287a8718",
    "sdk_version": "0.1.0-demo",
    "sdk_platform": "web",
    "sent_at": 1775797540015,
    "pulse_number": 13
  },
  "context": {
    "user_agent": "Mozilla/5.0 (Macintosh; Intel Mac OS X 10_15_7) AppleWebKit/605.1.15 (KHTML, like Gecko) Version/18.5 Safari/605.1.15",
    "hardware_concurrency": 8
  },
  "signals": {},
  "keystroke_windows": [
    {
      "zone_hit_counts": [
        0,
        0,
        2,
        1,
        0,
        0,
        1,
        1,
        0,
        0
      ],
      "zone_dwell_means": [
        0,
        0,
        164.50000000000364,
        162.00000000000728,
        0,
        0,
        88.99999999999272,
        75,
        0,
        0
      ],
      "zone_dwell_stdevs": [
        0,
        0,
        29.499999999996362,
        0,
        0,
        0,
        0,
        0,
        0,
        0
      ],
      "zone_flight_means": [
        0,
        0,
        121,
        0,
        0,
        0,
        225.00000000000728,
        149.99999999999272,
        0,
        0
      ]
    }
  ],
  "pointer_windows": [
    {
      "event_count": 86,
      "movement": {
        "velocity_mean": 0.7491650993495389,
        "velocity_stdev": 1.9799094057740358,
        "acceleration_mean": 0.029240857027999872,
        "curvature_mean": 0,
        "path_efficiency": 0.7258963032956292,
        "total_distance": 1244.6795378936797,
        "direction_changes": 47
      },
      "clicks": {
        "count": 1,
        "hold_stdev": 0,
        "overshoot_rate": 0
      },
      "idle": {
        "count": 2,
        "mean_duration_ms": 1636
      }
    }
  ],
  "touch_windows": [],
  "scroll_windows": [],
  "sensor_windows": [],
  "credential_fields": [],
  "_demo_meta": {
    "auth_method": "legacy",
    "received_at": "2026-04-10T05:05:40.039Z"
  }
}