{
  "type": "behavioral",
  "header": {
    "batch_id": "b_mnseyyx8_3",
    "session_id": "f6d3f8b6-f747-4999-b43a-ccb3042d68f9",
    "user_hash": "sha256:dGVzdDEyMw:demo",
    "device_uuid": "311a80a2-f09d-4c12-8408-3cb4287a8718",
    "sdk_version": "0.1.0-demo",
    "sdk_platform": "web",
    "sent_at": 1775795802956,
    "pulse_number": 3
  },
  "context": {
    "user_agent": "Mozilla/5.0 (Macintosh; Intel Mac OS X 10_15_7) AppleWebKit/605.1.15 (KHTML, like Gecko) Version/18.5 Safari/605.1.15",
    "hardware_concurrency": 8
  },
  "signals": {},
  "keystroke_windows": [
    {
      "zone_hit_counts": [
        1,
        2,
        2,
        2,
        3,
        0,
        0,
        0,
        0,
        0
      ],
      "zone_dwell_means": [
        164.9999999999991,
        127.00000000000045,
        95,
        88,
        122,
        0,
        0,
        0,
        0,
        0
      ],
      "zone_dwell_stdevs": [
        0,
        7.00000000000039,
        20.99999999999909,
        5,
        2,
        0,
        0,
        0,
        0,
        0
      ],
      "zone_flight_means": [
        86.00000000000091,
        118.99999999999955,
        61.000000000000455,
        150.9999999999991,
        376.0000000000003,
        0,
        0,
        0,
        0,
        0
      ]
    }
  ],
  "pointer_windows": [
    {
      "event_count": 27,
      "movement": {
        "velocity_mean": 0.1470490240436531,
        "velocity_stdev": 0.22052843644019932,
        "acceleration_mean": 0.007222657507086416,
        "curvature_mean": 0,
        "path_efficiency": 0.32840292684294464,
        "total_distance": 68.45832359257543,
        "direction_changes": 14
      },
      "clicks": {
        "count": 1,
        "hold_stdev": 0,
        "overshoot_rate": 0
      },
      "idle": {
        "count": 1,
        "mean_duration_ms": 3535
      }
    }
  ],
  "touch_windows": [],
  "scroll_windows": [],
  "sensor_windows": [],
  "credential_fields": [],
  "_demo_meta": {
    "auth_method": "legacy",
    "received_at": "2026-04-10T04:36:42.981Z"
  }
}